Workbook

Sheet P1_comp
A1: ='P1'!A1 -> REGRESSOR | B1: ='P1'!B1 -> COEFFICIENT | D1: =P1_orig!A1 -> REGRESSOR | E1: =P1_orig!B1 -> COEFFICIENT | G1: comp
A2: ='P1'!A2 -> demMaleFlag | B2: ='P1'!B2 -> -0.20691949 | D2: =P1_orig!A2 -> Dgn | E2: =P1_orig!B2 -> -0.20691949 | G2: =B2-E2 -> -2.7755576e-16
A3: ='P1'!A3 -> demAge | B3: ='P1'!B3 -> 0.19746408 | D3: =P1_orig!A3 -> Dag | E3: =P1_orig!B3 -> 0.19746408 | G3: =B3-E3 -> 1.0547119e-15
A4: ='P1'!A4 -> demAgeSq | B4: ='P1'!B4 -> -0.002637491 | D4: =P1_orig!A4 -> Dag_sq | E4: =P1_orig!B4 -> -0.002637491 | G4: =B4-E4 -> -1.8648277e-17
A5: ='P1'!A5 -> eduHighestC4NaL1 | B5: ='P1'!B5 -> -0.046575994 | D5: =P1_orig!A5 -> Deh_c4_Na_L1 | E5: =P1_orig!B5 -> -0.046575994 | G5: =B5-E5 -> 1.1865509e-15
A6: ='P1'!A6 -> eduHighestC4MediumL1 | B6: ='P1'!B6 -> -0.19764507 | D6: =P1_orig!A6 -> Deh_c4_Medium_L1 | E6: =P1_orig!B6 -> -0.19764507 | G6: =B6-E6 -> 3.0531133e-16
A7: ='P1'!A7 -> eduHighestC4LowL1 | B7: ='P1'!B7 -> -0.39715703 | D7: =P1_orig!A7 -> Deh_c4_Low_L1 | E7: =P1_orig!B7 -> -0.39715703 | G7: =B7-E7 -> 0
A8: ='P1'!A8 -> labStatusC3StudentL1 | B8: ='P1'!B8 -> -0.28442451 | D8: =P1_orig!A8 -> Les_c3_Student_L1 | E8: =P1_orig!B8 -> -0.28442451 | G8: =B8-E8 -> 0
A9: ='P1'!A9 -> labStatusC3NotEmployedL1 | B9: ='P1'!B9 -> -0.31256654 | D9: =P1_orig!A9 -> Les_c3_NotEmployed_L1 | E9: =P1_orig!B9 -> -0.31256654 | G9: =B9-E9 -> 0
A10: ='P1'!A10 -> yHhQuintilesMonthC5Q2L1 | B10: ='P1'!B10 -> -0.1374835 | D10: =P1_orig!A10 -> Ydses_c5_Q2_L1 | E10: =P1_orig!B10 -> -0.1374835 | G10: =B10-E10 -> 0
A11: ='P1'!A11 -> yHhQuintilesMonthC5Q3L1 | B11: ='P1'!B11 -> -0.30234472 | D11: =P1_orig!A11 -> Ydses_c5_Q3_L1 | E11: =P1_orig!B11 -> -0.30234472 | G11: =B11-E11 -> 0
A12: ='P1'!A12 -> yHhQuintilesMonthC5Q4L1 | B12: ='P1'!B12 -> -0.15996082 | D12: =P1_orig!A12 -> Ydses_c5_Q4_L1 | E12: =P1_orig!B12 -> -0.15996082 | G12: =B12-E12 -> 0
A13: ='P1'!A13 -> yHhQuintilesMonthC5Q5L1 | B13: ='P1'!B13 -> -0.072382471 | D13: =P1_orig!A13 -> Ydses_c5_Q5_L1 | E13: =P1_orig!B13 -> -0.072382471 | G13: =B13-E13 -> 0
... A31: ='P1'!A31 -> Constant | B31: ='P1'!B31 -> -3.7898611 | D31: =P1_orig!A31 -> Constant | E31: =P1_orig!B31 -> -3.7898611 | G31: =B31-E31 -> -1.4210855e-14

Sheet Info
A1: Description: | B1: Model parameters governing leaving parental home
A2: Authors: | B2: Patryk Bronka, Justin van de Ven, Daria Popova, Aleksandra Kolndrekaj, Ashley Burdett
A3: Last edit: 15 April 2026 (DP)
A5: Process: | B5: Description:
A6: P1a | B6: Prob. leave the parental home, transitioning out of adult child status
A10: Notes: | B10: Estimation sample: UK_ipop.dta with grossing up weight dwt
B11: Conditions for processes are defined as globals in master.do

Sheet Gof
A1: Goodness of fit
A3: P1 - Leave parental home
A4: Pseudo R-squared | B4: 0.066948218 | E4: Chi^2 | F4: 690.70154
A5: N | B5: 24036 | E5: Log likelihood | F5: -4580249.4

Sheet P1_orig
A1: REGRESSOR | B1: COEFFICIENT | C1: Dgn | D1: Dag | E1: Dag_sq | F1: Deh_c4_Na_L1 | G1: Deh_c4_Medium_L1 | H1: Deh_c4_Low_L1 | I1: Les_c3_Student_L1 | J1: Les_c3_NotEmployed_L1 | K1: Ydses_c5_Q2_L1 | L1: Ydses_c5_Q3_L1 | M1: Ydses_c5_Q4_L1 | N1: Ydses_c5_Q5_L1 | O1: demRgnUKC | P1: demRgnUKD | Q1: demRgnUKE | R1: demRgnUKF | S1: demRgnUKG | T1: demRgnUKH | U1: demRgnUKJ | V1: demRgnUKK | W1: demRgnUKL | X1: demRgnUKM | Y1: demRgnUKN | Z1: Year_transformed | AA1: Y2020 | AB1: Y2021 | AC1: demEthnC4Asian | AD1: demEthnC4Black | AE1: demEthnC4Other | AF1: Constant
A2: Dgn | B2: -0.20691949 | C2: 0.00099410693 | D2: -4.9840715e-05 | E2: 5.7940685e-07 | F2: -0.00020928809 | G2: -0.00014213747 | H2: -0.00028077361 | I2: 0.00011693215 | J2: -6.8444518e-05 | K2: -3.6853875e-05 | L2: -2.244098e-05 | M2: -8.9092835e-06 | N2: -7.0962651e-05 | O2: -0.0001551812 | P2: 0.00016438002 | Q2: 1.0584537e-05 | R2: 1.0874508e-05 | S2: 5.9699406e-05 | T2: -3.1771608e-05 | U2: -5.1570224e-05 | V2: 4.1294203e-05 | W2: -1.503991e-05 | X2: -1.4977657e-05 | Y2: 6.0594842e-05 | Z2: 6.5302544e-07 | AA2: 4.3492317e-05 | AB2: 2.1021734e-05 | AC2: -2.0599384e-05 | AD2: -0.00047149176 | AE2: -2.421601e-05 | AF2: 0.00049682437
A3: Dag | B3: 0.19746408 | C3: -4.9840715e-05 | D3: 0.0012388763 | E3: -2.2742201e-05 | F3: 0.0007478521 | G3: 0.00045482078 | H3: 0.00058322308 | I3: 0.00062552257 | J3: 0.00052269196 | K3: 0.00063209572 | L3: 0.00056749031 | M3: 0.00054614448 | N3: 0.00074007854 | O3: 0.00027035979 | P3: 0.00021916971 | Q3: 0.00033213247 | R3: 0.00024525505 | S3: 0.00022247914 | T3: 0.00029151588 | U3: 0.00022378493 | V3: 0.00028890469 | W3: 0.00021055904 | X3: 0.0004075515 | Y3: 8.9189338e-05 | Z3: 5.5465382e-06 | AA3: -1.7573169e-06 | AB3: -4.6726339e-05 | AC3: -5.1421145e-05 | AD3: 0.00025038701 | AE3: 3.1623441e-05 | AF3: -0.017514934
A4: Dag_sq | B4: -0.002637491 | C4: 5.7940685e-07 | D4: -2.2742201e-05 | E4: 4.2203385e-07 | F4: -1.3182004e-05 | G4: -8.2040557e-06 | H4: -1.0886058e-05 | I4: -1.0312761e-05 | J4: -8.8669534e-06 | K4: -1.0521364e-05 | L4: -9.5408657e-06 | M4: -9.6651115e-06 | N4: -1.3196869e-05 | O4: -5.010339e-06 | P4: -4.576387e-06 | Q4: -6.4208638e-06 | R4: -4.7740958e-06 | S4: -4.4638877e-06 | T4: -5.5002423e-06 | U4: -4.440459e-06 | V4: -5.5117996e-06 | W4: -4.3484124e-06 | X4: -7.3780213e-06 | Y4: -1.9618618e-06 | Z4: -1.027763e-07 | AA4: -1.9788895e-08 | AB4: 6.4379935e-07 | AC4: 7.8005904e-07 | AD4: -5.7861282e-06 | AE4: -1.0915278e-06 | AF4: 0.00031826043
A5: Deh_c4_Na_L1 | B5: -0.046575994 | C5: -0.00020928809 | D5: 0.0007478521 | E5: -1.3182004e-05 | F5: 0.0067831269 | G5: 0.0016552925 | H5: 0.0014002153 | I5: -0.0033287152 | J5: -0.00048101575 | K5: -0.00023016353 | L5: -0.00056111804 | M5: -0.00039710312 | N5: -0.00038923472 | O5: 0.00017552041 | P5: 7.8055031e-05 | Q5: 0.00012257753 | R5: 0.00021272113 | S5: 1.0686816e-05 | T5: -4.8702772e-05 | U5: 0.00034230433 | V5: -1.9939032e-05 | W5: 4.4493989e-05 | X5: 0.00048886399 | Y5: 3.0788494e-05 | Z5: 5.1608626e-05 | AA5: -1.1134448e-05 | AB5: -4.3743893e-05 | AC5: 1.2690774e-05 | AD5: 0.0009429775 | AE5: -0.00016788434 | AF5: -0.011777816
A6: Deh_c4_Medium_L1 | B6: -0.19764507 | C6: -0.00014213747 | D6: 0.00045482078 | E6: -8.2040557e-06 | F6: 0.0016552925 | G6: 0.0016676721 | H6: 0.0013384075 | I6: -0.00020428242 | J6: -8.34154e-05 | K6: 5.2196315e-05 | L6: 1.6017991e-06 | M6: 0.00021416431 | N6: 0.00031115395 | O6: 0.00042533191 | P6: 0.00038750367 | Q6: 0.00023291613 | R6: 0.00020437216 | S6: 0.00023964805 | T6: 0.00018255518 | U6: 0.0004397025 | V6: 0.00011515613 | W6: 0.00023546424 | X6: 0.00046663588 | Y6: 0.00027453128 | Z6: 2.9394777e-05 | AA6: -0.00014976418 | AB6: -5.0201177e-05 | AC6: 0.00032553683 | AD6: 0.00099584875 | AE6: -9.5292606e-05 | AF6: -0.0080302499
A7: Deh_c4_Low_L1 | B7: -0.39715703 | C7: -0.00028077361 | D7: 0.00058322308 | E7: -1.0886058e-05 | F7: 0.0014002153 | G7: 0.0013384075 | H7: 0.0069021391 | I7: 0.00026996964 | J7: -0.0003458631 | K7: 0.00068765807 | L7: 0.00053760315 | M7: 0.00080254992 | N7: 0.00091594319 | O7: 0.00051117033 | P7: 0.00029781773 | Q7: 0.00032096455 | R7: 0.00024491604 | S7: -8.2862081e-05 | T7: -0.00015866348 | U7: 0.00020045471 | V7: 8.4604449e-05 | W7: -0.00027289333 | X7: 0.00025721441 | Y7: -0.00015137127 | Z7: 2.8983403e-06 | AA7: 8.123877e-05 | AB7: -2.0613297e-05 | AC7: 0.00047934256 | AD7: 0.00070980837 | AE7: -5.4739881e-05 | AF7: -0.0093680086
A8: Les_c3_Student_L1 | B8: -0.28442451 | C8: 0.00011693215 | D8: 0.00062552257 | E8: -1.0312761e-05 | F8: -0.0033287152 | G8: -0.00020428242 | H8: 0.00026996964 | I8: 0.0060089827 | J8: 0.0028254367 | K8: 0.0026281572 | L8: 0.003371565 | M8: 0.003082621 | N8: 0.0025133018 | O8: -0.00018202257 | P8: -0.00012842711 | Q8: 8.4685382e-05 | R8: -8.1775849e-05 | S8: -0.00016426467 | T8: 0.00013280947 | U8: -0.00019874842 | V8: 0.000104855 | W8: -1.9790987e-05 | X8: -0.00043595355 | Y8: -4.5690767e-05 | Z8: -3.7555829e-05 | AA8: -8.6283812e-05 | AB8: 2.1894137e-05 | AC8: 0.0002429654 | AD8: -0.00066136096 | AE8: -5.7073531e-05 | AF8: -0.011643345
A9: Les_c3_NotEmployed_L1 | B9: -0.31256654 | C9: -6.8444518e-05 | D9: 0.00052269196 | E9: -8.8669534e-06 | F9: -0.00048101575 | G9: -8.34154e-05 | H9: -0.0003458631 | I9: 0.0028254367 | J9: 0.0038697969 | K9: 0.0023270391 | L9: 0.0029807292 | M9: 0.0027801905 | N9: 0.0021365058 | O9: -0.00042287485 | P9: -0.00018912046 | Q9: 7.2347179e-05 | R9: -0.00022824039 | S9: -0.00010352145 | T9: 9.4101484e-05 | U9: -2.9382869e-05 | V9: 8.9401227e-06 | W9: -2.1595352e-05 | X9: -0.00030335971 | Y9: -4.8778623e-05 | Z9: -2.2044062e-05 | AA9: -0.00013068495 | AB9: 2.896532e-05 | AC9: 0.00011857044 | AD9: -0.00039227205 | AE9: -4.0313733e-05 | AF9: -0.0098749837
A10: Ydses_c5_Q2_L1 | B10: -0.1374835 | C10: -3.6853875e-05 | D10: 0.00063209572 | E10: -1.0521364e-05 | F10: -0.00023016353 | G10: 5.2196315e-05 | H10: 0.00068765807 | I10: 0.0026281572 | J10: 0.0023270391 | K10: 0.0042023904 | L10: 0.0030925612 | M10: 0.0028963976 | N10: 0.0024845909 | O10: 6.0755014e-05 | P10: -0.00034285454 | Q10: 3.9354669e-05 | R10: -0.00026979755 | S10: -0.00028655287 | T10: -5.2620313e-05 | U10: -0.00010007578 | V10: 0.00010283148 | W10: -0.00027214373 | X10: 0.00010489516 | Y10: -3.0747806e-05 | Z10: -2.3510276e-06 | AA10: -0.00015745811 | AB10: -2.7678162e-05 | AC10: 0.00019642548 | AD10: -0.00013283565 | AE10: -3.6782198e-05 | AF10: -0.012062052
A11: Ydses_c5_Q3_L1 | B11: -0.30234472 | C11: -2.244098e-05 | D11: 0.00056749031 | E11: -9.5408657e-06 | F11: -0.00056111804 | G11: 1.6017991e-06 | H11: 0.00053760315 | I11: 0.003371565 | J11: 0.0029807292 | K11: 0.0030925612 | L11: 0.0046114745 | M11: 0.0035045594 | N11: 0.0028763621 | O11: 0.00014006089 | P11: -0.00024104239 | Q11: -3.7503622e-05 | R11: -0.0002617285 | S11: -0.00019962571 | T11: -0.00012065154 | U11: -0.00018710134 | V11: -3.8076448e-05 | W11: -0.00014170827 | X11: -0.00042082318 | Y11: -7.0070698e-05 | Z11: -1.0530294e-05 | AA11: -0.00016267952 | AB11: 0.00013111708 | AC11: 0.00028942879 | AD11: -0.00030057456 | AE11: 6.756642e-05 | AF11: -0.011523025
A12: Ydses_c5_Q4_L1 | B12: -0.15996082 | C12: -8.9092835e-06 | D12: 0.00054614448 | E12: -9.6651115e-06 | F12: -0.00039710312 | G12: 0.00021416431 | H12: 0.00080254992 | I12: 0.003082621 | J12: 0.0027801905 | K12: 0.0028963976 | L12: 0.0035045594 | M12: 0.0044063715 | N12: 0.0027731843 | O12: -6.2464533e-05 | P12: 0.00016387215 | Q12: 0.00032231913 | R12: -9.9778176e-05 | S12: -0.00010914619 | T12: -5.0768723e-05 | U12: 0.00018623961 | V12: 0.00010554757 | W12: 0.00022004733 | X12: -0.00017493195 | Y12: 0.00015378536 | Z12: 6.5363915e-06 | AA12: -0.00020573075 | AB12: 7.5137057e-05 | AC12: 0.000351759 | AD12: 0.00093745278 | AE12: 0.00028017165 | AF12: -0.011436455
A13: Ydses_c5_Q5_L1 | B13: -0.072382471 | C13: -7.0962651e-05 | D13: 0.00074007854 | E13: -1.3196869e-05 | F13: -0.00038923472 | G13: 0.00031115395 | H13: 0.00091594319 | I13: 0.0025133018 | J13: 0.0021365058 | K13: 0.0024845909 | L13: 0.0028763621 | M13: 0.0027731843 | N13: 0.0049144499 | O13: 0.00011595328 | P13: 0.00013439879 | Q13: 0.00029894131 | R13: -9.1208594e-05 | S13: -2.724693e-08 | T13: 0.00023897693 | U13: 4.0710872e-05 | V13: 0.00012970008 | W13: 0.0001632665 | X13: -0.0001910452 | Y13: 0.00017950163 | Z13: -2.3723804e-05 | AA13: -0.00021449841 | AB13: 0.00015369928 | AC13: 7.673927e-05 | AD13: -0.00013411624 | AE13: 9.9494135e-05 | AF13: -0.012853669
... A31: Constant | B31: -3.7898611 | C31: 0.00049682437 | D31: -0.017514934 | E31: 0.00031826043 | F31: -0.011777816 | G31: -0.0080302499 | H31: -0.0093680086 | I31: -0.011643345 | J31: -0.0098749837 | K31: -0.012062052 | L31: -0.011523025 | M31: -0.011436455 | N31: -0.012853669 | O31: -0.0072514305 | P31: -0.0064453538 | Q31: -0.0075387877 | R31: -0.0060338518 | S31: -0.0060445062 | T31: -0.0067712058 | U31: -0.0067438437 | V31: -0.0070156974 | W31: -0.0060112535 | X31: -0.0090350104 | Y31: -0.0042619177 | Z31: -0.00049690475 | AA31: 0.0019630668 | AB31: 0.0025807902 | AC31: -0.00041191019 | AD31: -0.0098627649 | AE31: -0.00047846109 | AF31: 0.26401965

Sheet P1
A1: REGRESSOR | B1: COEFFICIENT | C1: demMaleFlag | D1: demAge | E1: demAgeSq | F1: eduHighestC4NaL1 | G1: eduHighestC4MediumL1 | H1: eduHighestC4LowL1 | I1: labStatusC3StudentL1 | J1: labStatusC3NotEmployedL1 | K1: yHhQuintilesMonthC5Q2L1 | L1: yHhQuintilesMonthC5Q3L1 | M1: yHhQuintilesMonthC5Q4L1 | N1: yHhQuintilesMonthC5Q5L1 | O1: demRgnUKC | P1: demRgnUKD | Q1: demRgnUKE | R1: demRgnUKF | S1: demRgnUKG | T1: demRgnUKH | U1: demRgnUKJ | V1: demRgnUKK | W1: demRgnUKL | X1: demRgnUKM | Y1: demRgnUKN | Z1: demYearTransformed | AA1: demYear2020 | AB1: demYear2021 | AC1: demEthnC4Asian | AD1: demEthnC4Black | AE1: demEthnC4Other | AF1: Constant
A2: demMaleFlag | B2: -0.20691949 | C2: 0.00099410693 | D2: -4.9840715e-05 | E2: 5.7940685e-07 | F2: -0.00020928809 | G2: -0.00014213747 | H2: -0.00028077361 | I2: 0.00011693215 | J2: -6.8444518e-05 | K2: -3.6853875e-05 | L2: -2.244098e-05 | M2: -8.9092835e-06 | N2: -7.0962651e-05 | O2: -0.0001551812 | P2: 0.00016438002 | Q2: 1.0584537e-05 | R2: 1.0874508e-05 | S2: 5.9699406e-05 | T2: -3.1771608e-05 | U2: -5.1570224e-05 | V2: 4.1294203e-05 | W2: -1.503991e-05 | X2: -1.4977657e-05 | Y2: 6.0594842e-05 | Z2: 6.5302544e-07 | AA2: 4.3492317e-05 | AB2: 2.1021734e-05 | AC2: -2.0599384e-05 | AD2: -0.00047149176 | AE2: -2.421601e-05 | AF2: 0.00049682437
A3: demAge | B3: 0.19746408 | C3: -4.9840715e-05 | D3: 0.0012388763 | E3: -2.2742201e-05 | F3: 0.0007478521 | G3: 0.00045482078 | H3: 0.00058322308 | I3: 0.00062552257 | J3: 0.00052269196 | K3: 0.00063209572 | L3: 0.00056749031 | M3: 0.00054614448 | N3: 0.00074007854 | O3: 0.00027035979 | P3: 0.00021916971 | Q3: 0.00033213247 | R3: 0.00024525505 | S3: 0.00022247914 | T3: 0.00029151588 | U3: 0.00022378493 | V3: 0.00028890469 | W3: 0.00021055904 | X3: 0.0004075515 | Y3: 8.9189338e-05 | Z3: 5.5465382e-06 | AA3: -1.7573169e-06 | AB3: -4.6726339e-05 | AC3: -5.1421145e-05 | AD3: 0.00025038701 | AE3: 3.1623441e-05 | AF3: -0.017514934
A4: demAgeSq | B4: -0.002637491 | C4: 5.7940685e-07 | D4: -2.2742201e-05 | E4: 4.2203385e-07 | F4: -1.3182004e-05 | G4: -8.2040557e-06 | H4: -1.0886058e-05 | I4: -1.0312761e-05 | J4: -8.8669534e-06 | K4: -1.0521364e-05 | L4: -9.5408657e-06 | M4: -9.6651115e-06 | N4: -1.3196869e-05 | O4: -5.010339e-06 | P4: -4.576387e-06 | Q4: -6.4208638e-06 | R4: -4.7740958e-06 | S4: -4.4638877e-06 | T4: -5.5002423e-06 | U4: -4.440459e-06 | V4: -5.5117996e-06 | W4: -4.3484124e-06 | X4: -7.3780213e-06 | Y4: -1.9618618e-06 | Z4: -1.027763e-07 | AA4: -1.9788895e-08 | AB4: 6.4379935e-07 | AC4: 7.8005904e-07 | AD4: -5.7861282e-06 | AE4: -1.0915278e-06 | AF4: 0.00031826043
A5: eduHighestC4NaL1 | B5: -0.046575994 | C5: -0.00020928809 | D5: 0.0007478521 | E5: -1.3182004e-05 | F5: 0.0067831269 | G5: 0.0016552925 | H5: 0.0014002153 | I5: -0.0033287152 | J5: -0.00048101575 | K5: -0.00023016353 | L5: -0.00056111804 | M5: -0.00039710312 | N5: -0.00038923472 | O5: 0.00017552041 | P5: 7.8055031e-05 | Q5: 0.00012257753 | R5: 0.00021272113 | S5: 1.0686816e-05 | T5: -4.8702772e-05 | U5: 0.00034230433 | V5: -1.9939032e-05 | W5: 4.4493989e-05 | X5: 0.00048886399 | Y5: 3.0788494e-05 | Z5: 5.1608626e-05 | AA5: -1.1134448e-05 | AB5: -4.3743893e-05 | AC5: 1.2690774e-05 | AD5: 0.0009429775 | AE5: -0.00016788434 | AF5: -0.011777816
A6: eduHighestC4MediumL1 | B6: -0.19764507 | C6: -0.00014213747 | D6: 0.00045482078 | E6: -8.2040557e-06 | F6: 0.0016552925 | G6: 0.0016676721 | H6: 0.0013384075 | I6: -0.00020428242 | J6: -8.34154e-05 | K6: 5.2196315e-05 | L6: 1.6017991e-06 | M6: 0.00021416431 | N6: 0.00031115395 | O6: 0.00042533191 | P6: 0.00038750367 | Q6: 0.00023291613 | R6: 0.00020437216 | S6: 0.00023964805 | T6: 0.00018255518 | U6: 0.0004397025 | V6: 0.00011515613 | W6: 0.00023546424 | X6: 0.00046663588 | Y6: 0.00027453128 | Z6: 2.9394777e-05 | AA6: -0.00014976418 | AB6: -5.0201177e-05 | AC6: 0.00032553683 | AD6: 0.00099584875 | AE6: -9.5292606e-05 | AF6: -0.0080302499
A7: eduHighestC4LowL1 | B7: -0.39715703 | C7: -0.00028077361 | D7: 0.00058322308 | E7: -1.0886058e-05 | F7: 0.0014002153 | G7: 0.0013384075 | H7: 0.0069021391 | I7: 0.00026996964 | J7: -0.0003458631 | K7: 0.00068765807 | L7: 0.00053760315 | M7: 0.00080254992 | N7: 0.00091594319 | O7: 0.00051117033 | P7: 0.00029781773 | Q7: 0.00032096455 | R7: 0.00024491604 | S7: -8.2862081e-05 | T7: -0.00015866348 | U7: 0.00020045471 | V7: 8.4604449e-05 | W7: -0.00027289333 | X7: 0.00025721441 | Y7: -0.00015137127 | Z7: 2.8983403e-06 | AA7: 8.123877e-05 | AB7: -2.0613297e-05 | AC7: 0.00047934256 | AD7: 0.00070980837 | AE7: -5.4739881e-05 | AF7: -0.0093680086
A8: labStatusC3StudentL1 | B8: -0.28442451 | C8: 0.00011693215 | D8: 0.00062552257 | E8: -1.0312761e-05 | F8: -0.0033287152 | G8: -0.00020428242 | H8: 0.00026996964 | I8: 0.0060089827 | J8: 0.0028254367 | K8: 0.0026281572 | L8: 0.003371565 | M8: 0.003082621 | N8: 0.0025133018 | O8: -0.00018202257 | P8: -0.00012842711 | Q8: 8.4685382e-05 | R8: -8.1775849e-05 | S8: -0.00016426467 | T8: 0.00013280947 | U8: -0.00019874842 | V8: 0.000104855 | W8: -1.9790987e-05 | X8: -0.00043595355 | Y8: -4.5690767e-05 | Z8: -3.7555829e-05 | AA8: -8.6283812e-05 | AB8: 2.1894137e-05 | AC8: 0.0002429654 | AD8: -0.00066136096 | AE8: -5.7073531e-05 | AF8: -0.011643345
A9: labStatusC3NotEmployedL1 | B9: -0.31256654 | C9: -6.8444518e-05 | D9: 0.00052269196 | E9: -8.8669534e-06 | F9: -0.00048101575 | G9: -8.34154e-05 | H9: -0.0003458631 | I9: 0.0028254367 | J9: 0.0038697969 | K9: 0.0023270391 | L9: 0.0029807292 | M9: 0.0027801905 | N9: 0.0021365058 | O9: -0.00042287485 | P9: -0.00018912046 | Q9: 7.2347179e-05 | R9: -0.00022824039 | S9: -0.00010352145 | T9: 9.4101484e-05 | U9: -2.9382869e-05 | V9: 8.9401227e-06 | W9: -2.1595352e-05 | X9: -0.00030335971 | Y9: -4.8778623e-05 | Z9: -2.2044062e-05 | AA9: -0.00013068495 | AB9: 2.896532e-05 | AC9: 0.00011857044 | AD9: -0.00039227205 | AE9: -4.0313733e-05 | AF9: -0.0098749837
A10: yHhQuintilesMonthC5Q2L1 | B10: -0.1374835 | C10: -3.6853875e-05 | D10: 0.00063209572 | E10: -1.0521364e-05 | F10: -0.00023016353 | G10: 5.2196315e-05 | H10: 0.00068765807 | I10: 0.0026281572 | J10: 0.0023270391 | K10: 0.0042023904 | L10: 0.0030925612 | M10: 0.0028963976 | N10: 0.0024845909 | O10: 6.0755014e-05 | P10: -0.00034285454 | Q10: 3.9354669e-05 | R10: -0.00026979755 | S10: -0.00028655287 | T10: -5.2620313e-05 | U10: -0.00010007578 | V10: 0.00010283148 | W10: -0.00027214373 | X10: 0.00010489516 | Y10: -3.0747806e-05 | Z10: -2.3510276e-06 | AA10: -0.00015745811 | AB10: -2.7678162e-05 | AC10: 0.00019642548 | AD10: -0.00013283565 | AE10: -3.6782198e-05 | AF10: -0.012062052
A11: yHhQuintilesMonthC5Q3L1 | B11: -0.30234472 | C11: -2.244098e-05 | D11: 0.00056749031 | E11: -9.5408657e-06 | F11: -0.00056111804 | G11: 1.6017991e-06 | H11: 0.00053760315 | I11: 0.003371565 | J11: 0.0029807292 | K11: 0.0030925612 | L11: 0.0046114745 | M11: 0.0035045594 | N11: 0.0028763621 | O11: 0.00014006089 | P11: -0.00024104239 | Q11: -3.7503622e-05 | R11: -0.0002617285 | S11: -0.00019962571 | T11: -0.00012065154 | U11: -0.00018710134 | V11: -3.8076448e-05 | W11: -0.00014170827 | X11: -0.00042082318 | Y11: -7.0070698e-05 | Z11: -1.0530294e-05 | AA11: -0.00016267952 | AB11: 0.00013111708 | AC11: 0.00028942879 | AD11: -0.00030057456 | AE11: 6.756642e-05 | AF11: -0.011523025
A12: yHhQuintilesMonthC5Q4L1 | B12: -0.15996082 | C12: -8.9092835e-06 | D12: 0.00054614448 | E12: -9.6651115e-06 | F12: -0.00039710312 | G12: 0.00021416431 | H12: 0.00080254992 | I12: 0.003082621 | J12: 0.0027801905 | K12: 0.0028963976 | L12: 0.0035045594 | M12: 0.0044063715 | N12: 0.0027731843 | O12: -6.2464533e-05 | P12: 0.00016387215 | Q12: 0.00032231913 | R12: -9.9778176e-05 | S12: -0.00010914619 | T12: -5.0768723e-05 | U12: 0.00018623961 | V12: 0.00010554757 | W12: 0.00022004733 | X12: -0.00017493195 | Y12: 0.00015378536 | Z12: 6.5363915e-06 | AA12: -0.00020573075 | AB12: 7.5137057e-05 | AC12: 0.000351759 | AD12: 0.00093745278 | AE12: 0.00028017165 | AF12: -0.011436455
A13: yHhQuintilesMonthC5Q5L1 | B13: -0.072382471 | C13: -7.0962651e-05 | D13: 0.00074007854 | E13: -1.3196869e-05 | F13: -0.00038923472 | G13: 0.00031115395 | H13: 0.00091594319 | I13: 0.0025133018 | J13: 0.0021365058 | K13: 0.0024845909 | L13: 0.0028763621 | M13: 0.0027731843 | N13: 0.0049144499 | O13: 0.00011595328 | P13: 0.00013439879 | Q13: 0.00029894131 | R13: -9.1208594e-05 | S13: -2.724693e-08 | T13: 0.00023897693 | U13: 4.0710872e-05 | V13: 0.00012970008 | W13: 0.0001632665 | X13: -0.0001910452 | Y13: 0.00017950163 | Z13: -2.3723804e-05 | AA13: -0.00021449841 | AB13: 0.00015369928 | AC13: 7.673927e-05 | AD13: -0.00013411624 | AE13: 9.9494135e-05 | AF13: -0.012853669
... A31: Constant | B31: -3.7898611 | C31: 0.00049682437 | D31: -0.017514934 | E31: 0.00031826043 | F31: -0.011777816 | G31: -0.0080302499 | H31: -0.0093680086 | I31: -0.011643345 | J31: -0.0098749837 | K31: -0.012062052 | L31: -0.011523025 | M31: -0.011436455 | N31: -0.012853669 | O31: -0.0072514305 | P31: -0.0064453538 | Q31: -0.0075387877 | R31: -0.0060338518 | S31: -0.0060445062 | T31: -0.0067712058 | U31: -0.0067438437 | V31: -0.0070156974 | W31: -0.0060112535 | X31: -0.0090350104 | Y31: -0.0042619177 | Z31: -0.00049690475 | AA31: 0.0019630668 | AB31: 0.0025807902 | AC31: -0.00041191019 | AD31: -0.0098627649 | AE31: -0.00047846109 | AF31: 0.26401965
