Workbook

Sheet R1a_comp
A1: ='R1a'!A1 -> REGRESSOR | B1: ='R1a'!B1 -> COEFFICIENT | D1: ='R1a_orig'!A1 -> REGRESSOR | E1: ='R1a_orig'!B1 -> COEFFICIENT | G1: comp
A2: ='R1a'!A2 -> demMaleFlag | B2: ='R1a'!B2 -> 0.10737057 | D2: ='R1a_orig'!A2 -> Dgn | E2: ='R1a_orig'!B2 -> 0.10737057 | G2: =B2-E2 -> -1.9428903e-16
A3: ='R1a'!A3 -> demAge | B3: ='R1a'!B3 -> 0.52454491 | D3: ='R1a_orig'!A3 -> Dag | E3: ='R1a_orig'!B3 -> 0.52454491 | G3: =B3-E3 -> -6.3282712e-15
A4: ='R1a'!A4 -> demAgeSq | B4: ='R1a'!B4 -> -0.0036750679 | D4: ='R1a_orig'!A4 -> Dag_sq | E4: ='R1a_orig'!B4 -> -0.0036750679 | G4: =B4-E4 -> 4.9005938e-17
A5: ='R1a'!A5 -> eduHighestC4MediumL1 | B5: ='R1a'!B5 -> -0.056978642 | D5: ='R1a_orig'!A5 -> Deh_c4_Medium_L1 | E5: ='R1a_orig'!B5 -> -0.056978642 | G5: =B5-E5 -> 3.8163916e-16
A6: ='R1a'!A6 -> eduHighestC4LowL1 | B6: ='R1a'!B6 -> -0.081493432 | D6: ='R1a_orig'!A6 -> Deh_c4_Low_L1 | E6: ='R1a_orig'!B6 -> -0.081493432 | G6: =B6-E6 -> 5.5511151e-16
A7: ='R1a'!A7 -> healthPhysicalPcsL1 | B7: ='R1a'!B7 -> -0.0037952887 | D7: ='R1a_orig'!A7 -> Dhe_pcs_L1 | E7: ='R1a_orig'!B7 -> -0.0037952887 | G7: =B7-E7 -> 4.2934406e-17
A8: ='R1a'!A8 -> healthMentalMcsL1 | B8: ='R1a'!B8 -> -0.00051167219 | D8: ='R1a_orig'!A8 -> Dhe_mcs_L1 | E8: ='R1a_orig'!B8 -> -0.00051167219 | G8: =B8-E8 -> -1.3552527e-17
A9: ='R1a'!A9 -> demPensAgeFlag | B9: ='R1a'!B9 -> 0.77485628 | D9: ='R1a_orig'!A9 -> Reached_Retirement_Age | E9: ='R1a_orig'!B9 -> 0.77485628 | G9: =B9-E9 -> -9.9920072e-16
A10: ='R1a'!A10 -> labStatusC3NotEmployedL1 | B10: ='R1a'!B10 -> 0.62918171 | D10: ='R1a_orig'!A10 -> Les_c3_NotEmployed_L1 | E10: ='R1a_orig'!B10 -> 0.62918171 | G10: =B10-E10 -> -2.6645353e-15
A11: ='R1a'!A11 -> yHhQuintilesMonthC5Q2L1 | B11: ='R1a'!B11 -> 0.074549858 | D11: ='R1a_orig'!A11 -> Ydses_c5_Q2_L1 | E11: ='R1a_orig'!B11 -> 0.074549858 | G11: =B11-E11 -> -1.1934898e-15
A12: ='R1a'!A12 -> yHhQuintilesMonthC5Q3L1 | B12: ='R1a'!B12 -> 0.070393091 | D12: ='R1a_orig'!A12 -> Ydses_c5_Q3_L1 | E12: ='R1a_orig'!B12 -> 0.070393091 | G12: =B12-E12 -> -9.5756736e-16
A13: ='R1a'!A13 -> yHhQuintilesMonthC5Q4L1 | B13: ='R1a'!B13 -> 0.11449328 | D13: ='R1a_orig'!A13 -> Ydses_c5_Q4_L1 | E13: ='R1a_orig'!B13 -> 0.11449328 | G13: =B13-E13 -> -8.7430063e-16
... A33: ='R1a'!A33 -> Constant | B33: ='R1a'!B33 -> -19.839038 | D33: ='R1a_orig'!A33 -> Constant | E33: ='R1a_orig'!B33 -> -19.839038 | G33: =B33-E33 -> 1.8829382e-13

Sheet R1b_comp
A1: ='R1b'!A1 -> REGRESSOR | B1: ='R1b'!B1 -> COEFFICIENT | D1: ='R1b_orig'!A1 -> REGRESSOR | E1: ='R1b_orig'!B1 -> COEFFICIENT | G1: comp
A2: ='R1b'!A2 -> demMaleFlag | B2: ='R1b'!B2 -> -0.019013731 | D2: ='R1b_orig'!A2 -> Dgn | E2: ='R1b_orig'!B2 -> -0.019013731 | G2: =B2-E2 -> 6.6613381e-16
A3: ='R1b'!A3 -> demAge | B3: ='R1b'!B3 -> 0.82256252 | D3: ='R1b_orig'!A3 -> Dag | E3: ='R1b_orig'!B3 -> 0.82256252 | G3: =B3-E3 -> 5.2402527e-14
A4: ='R1b'!A4 -> demAgeSq | B4: ='R1b'!B4 -> -0.006231096 | D4: ='R1b_orig'!A4 -> Dag_sq | E4: ='R1b_orig'!B4 -> -0.006231096 | G4: =B4-E4 -> -4.2240517e-16
A5: ='R1b'!A5 -> eduHighestC4MediumL1 | B5: ='R1b'!B5 -> -0.071962484 | D5: ='R1b_orig'!A5 -> Deh_c4_Medium_L1 | E5: ='R1b_orig'!B5 -> -0.071962484 | G5: =B5-E5 -> -1.5126789e-15
A6: ='R1b'!A6 -> eduHighestC4LowL1 | B6: ='R1b'!B6 -> -0.18756034 | D6: ='R1b_orig'!A6 -> Deh_c4_Low_L1 | E6: ='R1b_orig'!B6 -> -0.18756034 | G6: =B6-E6 -> -2.9976022e-15
A7: ='R1b'!A7 -> healthPhysicalPcsL1 | B7: ='R1b'!B7 -> -0.0003641701 | D7: ='R1b_orig'!A7 -> Dhe_pcs_L1 | E7: ='R1b_orig'!B7 -> -0.0003641701 | G7: =B7-E7 -> 1.002887e-16
A8: ='R1b'!A8 -> healthMentalMcsL1 | B8: ='R1b'!B8 -> 0.00054314256 | D8: ='R1b_orig'!A8 -> Dhe_mcs_L1 | E8: ='R1b_orig'!B8 -> 0.00054314256 | G8: =B8-E8 -> -4.6837534e-17
A9: ='R1b'!A9 -> demPensAgeFlag | B9: ='R1b'!B9 -> 0.53066152 | D9: ='R1b_orig'!A9 -> Reached_Retirement_Age | E9: ='R1b_orig'!B9 -> 0.53066152 | G9: =B9-E9 -> 4.6629367e-15
A10: ='R1b'!A10 -> demPensAgeFlag_NotEmployedL1 | B10: ='R1b'!B10 -> 0.52365622 | D10: ='R1b_orig'!A10 -> Reached_Retirement_Age_Les | E10: ='R1b_orig'!B10 -> 0.52365622 | G10: =B10-E10 -> 2.3425706e-14
A11: ='R1b'!A11 -> labStatusC3NotEmployedL1 | B11: ='R1b'!B11 -> 0.61574466 | D11: ='R1b_orig'!A11 -> Les_c3_NotEmployed_L1 | E11: ='R1b_orig'!B11 -> 0.61574466 | G11: =B11-E11 -> 4.6629367e-15
A12: ='R1b'!A12 -> labStatusPartnerC3NotEmployedL1 | B12: ='R1b'!B12 -> 0.32592074 | D12: ='R1b_orig'!A12 -> Lessp_c3_NotEmployed_L1 | E12: ='R1b_orig'!B12 -> 0.32592074 | G12: =B12-E12 -> 0
A13: ='R1b'!A13 -> demPensPartnerAgeFlag | B13: ='R1b'!B13 -> 0.062798697 | D13: ='R1b_orig'!A13 -> Reached_Retirement_Age_Sp | E13: ='R1b_orig'!B13 -> 0.062798697 | G13: =B13-E13 -> 1.1241008e-15
... A36: ='R1b'!A36 -> Constant | B36: ='R1b'!B36 -> -28.895243 | D36: ='R1b_orig'!A36 -> Constant | E36: ='R1b_orig'!B36 -> -28.895243 | G36: =B36-E36 -> -1.612932e-12

Sheet Info
A1: Description: | B1: Model parameters governing projection of retirement
A2: Authors: | B2: Patryk Bronka, Justin van de Ven, Daria Popova, Aleksandra Kolndrekaj, Ashley Burdett
A3: Last edit: 15 April 2026 (DP)
A5: Process: | B5: Description:
A6: R1a | B6: Prob of retiring, singles
A7: R1b | B7: Prob of retiring, partnered
A10: Notes: | B10: Estimation sample: UK_ipop.dta with grossing up weight dwt
B11: Conditions for processes are defined as globals in master.do

Sheet Gof
A1: Goodness of fit
A3: R1a - Retire, singles
A4: Pseudo R-squared | B4: 0.22250922 | E4: Chi^2 | F4: 1642.7082
A5: N | B5: 26159 | E5: Log likelihood | F5: -3449306.4
A7: R1a - Retire, partnered
A8: Pseudo R-squared | B8: 0.19955271 | E8: Chi^2 | F8: 3031.9477
A9: N | B9: 60543 | E9: Log likelihood | F9: -9142194.2

Sheet R1a_orig
A1: REGRESSOR | B1: COEFFICIENT | C1: Dgn | D1: Dag | E1: Dag_sq | F1: Deh_c4_Medium_L1 | G1: Deh_c4_Low_L1 | H1: Dhe_pcs_L1 | I1: Dhe_mcs_L1 | J1: Reached_Retirement_Age | K1: Les_c3_NotEmployed_L1 | L1: Ydses_c5_Q2_L1 | M1: Ydses_c5_Q3_L1 | N1: Ydses_c5_Q4_L1 | O1: Ydses_c5_Q5_L1 | P1: Dlltsd01_L1 | Q1: demRgnUKC | R1: demRgnUKD | S1: demRgnUKE | T1: demRgnUKF | U1: demRgnUKG | V1: demRgnUKH | W1: demRgnUKJ | X1: demRgnUKK | Y1: demRgnUKL | Z1: demRgnUKM | AA1: demRgnUKN | AB1: Year_transformed | AC1: Y2020 | AD1: Y2021 | AE1: demEthnC4Asian | AF1: demEthnC4Black | AG1: demEthnC4Other | AH1: Constant
A2: Dgn | B2: 0.10737057 | C2: 0.001685746 | D2: -0.00012153516 | E2: 8.2154031e-07 | F2: -0.00040469964 | G2: -0.00055438286 | H2: 8.4260366e-06 | I2: -4.4386836e-06 | J2: 0.00047725993 | K2: -0.00044952064 | L2: 0.00016805616 | M2: -8.308302e-05 | N2: -0.00024956895 | O2: -0.0012617964 | P2: 0.00041192586 | Q2: -0.0012400506 | R2: -0.0017529792 | S2: -0.0011044163 | T2: -0.0013855037 | U2: -0.00092358436 | V2: -0.0010197156 | W2: -0.0011201295 | X2: -0.0012167531 | Y2: -0.0011614334 | Z2: -0.0012249992 | AA2: -0.00076383403 | AB2: -4.8573611e-06 | AC2: 0.00016564791 | AD2: 0.00020477688 | AE2: -0.00020770197 | AF2: -0.0042528204 | AG2: -0.00047613401 | AH2: 0.0052508963
A3: Dag | B3: 0.52454491 | C3: -0.00012153516 | D3: 0.001804439 | E3: -1.4071896e-05 | F3: -1.7717215e-05 | G3: -3.5713878e-05 | H3: 5.6715851e-07 | I3: 1.8990724e-06 | J3: -0.0001932999 | K3: 0.00089292079 | L3: 0.00027499527 | M3: 0.0004031187 | N3: 0.00042373908 | O3: 0.00054067846 | P3: -0.00037847686 | Q3: 0.00019799251 | R3: 0.00020179939 | S3: 5.3164751e-05 | T3: 7.9164708e-05 | U3: 0.00017724003 | V3: 0.00012868067 | W3: 0.00023916827 | X3: 0.0001858014 | Y3: 0.00022742005 | Z3: 0.00019214793 | AA3: 0.00010339786 | AB3: -7.6627499e-06 | AC3: -6.2915257e-05 | AD3: -8.3291934e-06 | AE3: -0.00022987421 | AF3: 8.9560179e-05 | AG3: -3.2768084e-05 | AH3: -0.057821832
A4: Dag_sq | B4: -0.0036750679 | C4: 8.2154031e-07 | D4: -1.4071896e-05 | E4: 1.1106874e-07 | F4: 4.6151067e-08 | G4: 4.4842654e-08 | H4: 2.6807244e-10 | I4: -2.0981996e-08 | J4: -5.4191887e-08 | K4: -7.6806941e-06 | L4: -2.5428086e-06 | M4: -3.6054998e-06 | N4: -3.6614599e-06 | O4: -4.6943075e-06 | P4: 3.5999996e-06 | Q4: -1.485257e-06 | R4: -1.8791101e-06 | S4: -5.5109246e-07 | T4: -6.4763107e-07 | U4: -1.4451342e-06 | V4: -1.0873565e-06 | W4: -1.8055251e-06 | X4: -1.5645936e-06 | Y4: -2.2392599e-06 | Z4: -1.6148e-06 | AA4: -1.1530581e-06 | AB4: 3.2748816e-09 | AC4: 5.9240493e-07 | AD4: 2.3104759e-08 | AE4: 2.0589366e-06 | AF4: -1.6163623e-06 | AG4: 1.6358384e-07 | AH4: 0.00044811652
A5: Deh_c4_Medium_L1 | B5: -0.056978642 | C5: -0.00040469964 | D5: -1.7717215e-05 | E5: 4.6151067e-08 | F5: 0.0028659182 | G5: 0.0022682913 | H5: -2.8680904e-05 | I5: -1.622673e-05 | J5: 0.00021226454 | K5: 0.00059022743 | L5: -0.00031295894 | M5: 0.00033529631 | N5: 0.00055659139 | O5: 0.0022267249 | P5: -0.00081718168 | Q5: 0.0012931939 | R5: 0.0027084558 | S5: 0.0017761513 | T5: 0.0014529283 | U5: 0.0011663658 | V5: 0.0013356613 | W5: 0.001642753 | X5: 0.0016618138 | Y5: 0.0017502672 | Z5: 0.0014903046 | AA5: 0.0020919809 | AB5: 3.5848401e-05 | AC5: -0.00018710326 | AD5: -0.00011999236 | AE5: 0.00062365684 | AF5: 0.0076051332 | AG5: 0.00038684778 | AH5: -0.0018192579
A6: Deh_c4_Low_L1 | B6: -0.081493432 | C6: -0.00055438286 | D6: -3.5713878e-05 | E6: 4.4842654e-08 | F6: 0.0022682913 | G6: 0.0036882951 | H6: -1.9994871e-05 | I6: -7.265401e-06 | J6: 0.00037334999 | K6: 0.00070777474 | L6: 4.1664124e-05 | M6: 0.00078198696 | N6: 0.0011166743 | O6: 0.0027102445 | P6: -0.0007276504 | Q6: 0.0009888671 | R6: 0.0021788964 | S6: 0.0015132252 | T6: 0.0010013006 | U6: 0.00098877265 | V6: 0.0010799636 | W6: 0.00116023 | X6: 0.001250057 | Y6: 0.0010840893 | Z6: 0.0011387451 | AA6: 0.00062501823 | AB6: 5.1210281e-05 | AC6: -7.4405674e-05 | AD6: 0.00020963647 | AE6: 0.00010525129 | AF6: 0.0068419731 | AG6: 0.00052570244 | AH6: -0.0019271282
A7: Dhe_pcs_L1 | B7: -0.0037952887 | C7: 8.4260366e-06 | D7: 5.6715851e-07 | E7: 2.6807244e-10 | F7: -2.8680904e-05 | G7: -1.9994871e-05 | H7: 4.0379347e-06 | I7: 6.3229311e-07 | J7: -7.5256201e-06 | K7: -2.0794992e-06 | L7: 1.0574195e-06 | M7: -1.78691e-05 | N7: -1.5708443e-05 | O7: -7.1170358e-05 | P7: 6.4334053e-05 | Q7: -6.0411349e-05 | R7: -0.00010723041 | S7: -5.3994171e-05 | T7: -6.2662109e-05 | U7: -4.761117e-05 | V7: -5.8374012e-05 | W7: -5.1738093e-05 | X7: -6.6547871e-05 | Y7: -7.2590006e-05 | Z7: -6.9044195e-05 | AA7: -8.3551934e-05 | AB7: -1.0073425e-06 | AC7: 1.3133145e-05 | AD7: 1.3482191e-05 | AE7: -2.0425349e-05 | AF7: -0.00027453029 | AG7: -1.1501146e-05 | AH7: -0.00014289522
A8: Dhe_mcs_L1 | B8: -0.00051167219 | C8: -4.4386836e-06 | D8: 1.8990724e-06 | E8: -2.0981996e-08 | F8: -1.622673e-05 | G8: -7.265401e-06 | H8: 6.3229311e-07 | I8: 3.336531e-06 | J8: -1.1991325e-05 | K8: -6.6390678e-06 | L8: 9.0905797e-06 | M8: -1.3565677e-05 | N8: -1.6173409e-05 | O8: -2.6029853e-05 | P8: 2.9861717e-05 | Q8: -2.3195701e-05 | R8: -3.1988712e-05 | S8: -2.2160397e-05 | T8: -3.2324372e-05 | U8: -2.2342798e-05 | V8: -2.9586487e-05 | W8: -2.6505568e-05 | X8: -3.0681303e-05 | Y8: -3.2401057e-05 | Z8: -2.8728158e-05 | AA8: -5.1641256e-05 | AB8: 1.3414489e-06 | AC8: 3.7435135e-06 | AD8: 9.2191196e-07 | AE8: -1.832511e-05 | AF8: -4.1991524e-05 | AG8: -2.2058161e-06 | AH8: -0.00019698257
A9: Reached_Retirement_Age | B9: 0.77485628 | C9: 0.00047725993 | D9: -0.0001932999 | E9: -5.4191887e-08 | F9: 0.00021226454 | G9: 0.00037334999 | H9: -7.5256201e-06 | I9: -1.1991325e-05 | J9: 0.0036900126 | K9: 0.0010268076 | L9: 7.7120559e-05 | M9: 0.0004365169 | N9: 0.0005511582 | O9: 0.00045876998 | P9: -0.00045504695 | Q9: -0.00012226851 | R9: -5.6157095e-05 | S9: 0.0004212399 | T9: 0.00010328307 | U9: 0.00022656235 | V9: 0.00024471973 | W9: -0.00023721703 | X9: -4.1340047e-05 | Y9: 0.00030256221 | Z9: 0.00014507102 | AA9: 0.00029511794 | AB9: 6.8971473e-05 | AC9: 2.036502e-05 | AD9: 0.00046454673 | AE9: -0.00010236073 | AF9: -0.0008797205 | AG9: 0.00053942007 | AH9: 0.0094577727
A10: Les_c3_NotEmployed_L1 | B10: 0.62918171 | C10: -0.00044952064 | D10: 0.00089292079 | E10: -7.6806941e-06 | F10: 0.00059022743 | G10: 0.00070777474 | H10: -2.0794992e-06 | I10: -6.6390678e-06 | J10: 0.0010268076 | K10: 0.0089660277 | L10: 0.0017141717 | M10: 0.0070405851 | N10: 0.0074754929 | O10: 0.0075868448 | P10: -0.0018494852 | Q10: 0.0013157311 | R10: 0.0013591067 | S10: 0.0011618054 | T10: 0.0012447901 | U10: 0.0016174661 | V10: 0.0014262038 | W10: 0.0014231163 | X10: 0.001296576 | Y10: 0.0020974416 | Z10: 0.0012898169 | AA10: 0.00094623898 | AB10: -3.76195e-05 | AC10: 0.00024251058 | AD10: 0.00048964009 | AE10: -0.00022052216 | AF10: -0.00085812202 | AG10: 0.00028076575 | AH10: -0.03412094
A11: Ydses_c5_Q2_L1 | B11: 0.074549858 | C11: 0.00016805616 | D11: 0.00027499527 | E11: -2.5428086e-06 | F11: -0.00031295894 | G11: 4.1664124e-05 | H11: 1.0574195e-06 | I11: 9.0905797e-06 | J11: 7.7120559e-05 | K11: 0.0017141717 | L11: 0.0043672176 | M11: 0.0032305341 | N11: 0.0031371758 | O11: 0.0028322878 | P11: 7.8825359e-05 | Q11: -0.00073305771 | R11: -0.00076691698 | S11: -0.00070918957 | T11: -0.0010254101 | U11: -0.0008288109 | V11: -0.0010346572 | W11: -0.0010613829 | X11: -0.00087709621 | Y11: -0.00023091164 | Z11: -0.00058363908 | AA11: -0.0014329706 | AB11: 3.9903479e-05 | AC11: -0.00013441062 | AD11: 4.5915409e-05 | AE11: -0.00053505123 | AF11: -0.0019201082 | AG11: -0.00096384816 | AH11: -0.010667055
A12: Ydses_c5_Q3_L1 | B12: 0.070393091 | C12: -8.308302e-05 | D12: 0.0004031187 | E12: -3.6054998e-06 | F12: 0.00033529631 | G12: 0.00078198696 | H12: -1.78691e-05 | I12: -1.3565677e-05 | J12: 0.0004365169 | K12: 0.0070405851 | L12: 0.0032305341 | M12: 0.010473604 | N12: 0.0090469323 | O12: 0.0090642255 | P12: 0.00055750988 | Q12: 0.00034027328 | R12: 0.00035296344 | S12: 0.0002977723 | T12: 0.00031847122 | U12: 0.00070564701 | V12: 0.00049057592 | W12: 0.00042688799 | X12: 0.00072513678 | Y12: 0.0010010174 | Z12: 0.00060840625 | AA12: -1.1198313e-05 | AB12: -3.833291e-05 | AC12: 0.00039491454 | AD12: 0.00054097881 | AE12: 7.00638e-05 | AF12: -0.0010449402 | AG12: -0.00067502638 | AH12: -0.01893727
A13: Ydses_c5_Q4_L1 | B13: 0.11449328 | C13: -0.00024956895 | D13: 0.00042373908 | E13: -3.6614599e-06 | F13: 0.00055659139 | G13: 0.0011166743 | H13: -1.5708443e-05 | I13: -1.6173409e-05 | J13: 0.0005511582 | K13: 0.0074754929 | L13: 0.0031371758 | M13: 0.0090469323 | N13: 0.010912632 | O13: 0.0095794161 | P13: 0.00053117604 | Q13: 0.0010900051 | R13: 0.001019246 | S13: 0.0011163844 | T13: 0.00080666957 | U13: 0.0011847738 | V13: 0.001148001 | W13: 0.001234718 | X13: 0.0011256432 | Y13: 0.0013622991 | Z13: 0.0009830185 | AA13: 0.00056322843 | AB13: -6.3220453e-05 | AC13: 0.00049785347 | AD13: 0.00069399055 | AE13: 0.00026871664 | AF13: -0.00072808525 | AG13: -0.00039519407 | AH13: -0.020667479
... A33: Constant | B33: -19.839038 | C33: 0.0052508963 | D33: -0.057821832 | E33: 0.00044811652 | F33: -0.0018192579 | G33: -0.0019271282 | H33: -0.00014289522 | I33: -0.00019698257 | J33: 0.0094577727 | K33: -0.03412094 | L33: -0.010667055 | M33: -0.01893727 | N33: -0.020667479 | O33: -0.0270162 | P33: 0.0076964253 | Q33: -0.013568024 | R33: -0.016097737 | S33: -0.0087718688 | T33: -0.0091502309 | U33: -0.012308892 | V33: -0.010511309 | W33: -0.015203459 | X33: -0.012537249 | Y33: -0.013123496 | Z33: -0.012842635 | AA33: -0.0087284983 | AB33: -0.00021228853 | AC33: 0.003213989 | AD33: 0.0017901144 | AE33: 0.0049615023 | AF33: -0.020602315 | AG33: -3.3805315e-05 | AH33: 1.8985142

Sheet R1b_orig
A1: REGRESSOR | B1: COEFFICIENT | C1: Dgn | D1: Dag | E1: Dag_sq | F1: Deh_c4_Medium_L1 | G1: Deh_c4_Low_L1 | H1: Dhe_pcs_L1 | I1: Dhe_mcs_L1 | J1: Reached_Retirement_Age | K1: Reached_Retirement_Age_Les | L1: Les_c3_NotEmployed_L1 | M1: Lessp_c3_NotEmployed_L1 | N1: Reached_Retirement_Age_Sp | O1: Ydses_c5_Q2_L1 | P1: Ydses_c5_Q3_L1 | Q1: Ydses_c5_Q4_L1 | R1: Ydses_c5_Q5_L1 | S1: Dlltsd01_L1 | T1: demRgnUKC | U1: demRgnUKD | V1: demRgnUKE | W1: demRgnUKF | X1: demRgnUKG | Y1: demRgnUKH | Z1: demRgnUKJ | AA1: demRgnUKK | AB1: demRgnUKL | AC1: demRgnUKM | AD1: demRgnUKN | AE1: Year_transformed | AF1: Y2020 | AG1: Y2021 | AH1: demEthnC4Asian | AI1: demEthnC4Black | AJ1: demEthnC4Other | AK1: Constant
A2: Dgn | B2: -0.019013731 | C2: 0.00057855368 | D2: 0.00010268953 | E2: -1.0081463e-06 | F2: 4.4002035e-06 | G2: -5.060892e-05 | H2: 1.3940964e-07 | I2: -2.407572e-06 | J2: 0.00022797563 | K2: -3.6127163e-05 | L2: 0.00021268532 | M2: -3.3476014e-05 | N2: 6.6372572e-05 | O2: 0.00015003122 | P2: 0.00016274383 | Q2: 0.00011807642 | R2: 0.0001209941 | S2: -7.8999608e-05 | T2: -0.00014076749 | U2: -0.00013668877 | V2: -0.00012714384 | W2: -0.0001483737 | X2: -0.00013961419 | Y2: -7.9415749e-05 | Z2: -9.101263e-05 | AA2: -0.00010615727 | AB2: -0.00010874416 | AC2: -0.00013981324 | AD2: -0.00014487646 | AE2: 1.0162128e-05 | AF2: -2.345354e-05 | AG2: -2.7265292e-05 | AH2: -0.00016849244 | AI2: -0.00011026529 | AJ2: -0.00010897269 | AK2: -0.0029490861
A3: Dag | B3: 0.82256252 | C3: 0.00010268953 | D3: 0.0015675271 | E3: -1.2652535e-05 | F3: -9.9640347e-05 | G3: -0.00026161215 | H3: 3.2838899e-07 | I3: -1.484891e-08 | J3: 0.00015074429 | K3: 0.00042847209 | L3: 0.00017494325 | M3: 8.7917412e-06 | N3: 1.5198222e-05 | O3: 8.177475e-05 | P3: 3.1910361e-06 | Q3: -0.00015415253 | R3: -8.7746256e-05 | S3: -0.00023405325 | T3: -0.00013800979 | U3: -0.00012911176 | V3: -0.00013068892 | W3: -0.00040177896 | X3: -0.00018408554 | Y3: -0.00021915515 | Z3: -0.00017850416 | AA3: -0.00019975325 | AB3: -0.00017735664 | AC3: -0.00019137173 | AD3: -0.00015108563 | AE3: 7.8490129e-08 | AF3: 2.283721e-05 | AG3: 8.0655171e-05 | AH3: -0.00083373486 | AI3: -0.00027024915 | AJ3: -5.698929e-05 | AK3: -0.047990294
A4: Dag_sq | B4: -0.006231096 | C4: -1.0081463e-06 | D4: -1.2652535e-05 | E4: 1.0296347e-07 | F4: 7.9244809e-07 | G4: 2.0195719e-06 | H4: -2.9199976e-09 | I4: -4.0179977e-09 | J4: -1.9349634e-06 | K4: -3.6397174e-06 | L4: -1.4506675e-06 | M4: -6.6156626e-08 | N4: -3.8191846e-07 | O4: -7.5542473e-07 | P4: -1.2266058e-07 | Q4: 1.1387552e-06 | R4: 6.7278403e-07 | S4: 1.9240757e-06 | T4: 1.2042884e-06 | U4: 1.0868318e-06 | V4: 1.0945138e-06 | W4: 3.0954934e-06 | X4: 1.5634587e-06 | Y4: 1.7206505e-06 | Z4: 1.4212111e-06 | AA4: 1.6106582e-06 | AB4: 1.46228e-06 | AC4: 1.5439467e-06 | AD4: 1.2548631e-06 | AE4: -3.2511178e-08 | AF4: -1.3026564e-07 | AG4: -5.8967962e-07 | AH4: 6.2912148e-06 | AI4: 2.2156794e-06 | AJ4: 3.6316604e-07 | AK4: 0.00038546273
A5: Deh_c4_Medium_L1 | B5: -0.071962484 | C5: 4.4002035e-06 | D5: -9.9640347e-05 | E5: 7.9244809e-07 | F5: 0.00073945051 | G5: 0.00055453981 | H5: 2.5418958e-06 | I5: -4.3169788e-07 | J5: 1.8527315e-05 | K5: -2.3169128e-05 | L5: 6.6535026e-06 | M5: 5.7165279e-05 | N5: 1.609955e-05 | O5: -4.7352022e-06 | P5: -1.3357145e-05 | Q5: 0.00012412674 | R5: 0.00020223338 | S5: 3.2375781e-05 | T5: 8.4834912e-06 | U5: 6.4646445e-05 | V5: 6.6278471e-05 | W5: 0.0001183745 | X5: -3.4349306e-05 | Y5: 4.1107701e-05 | Z5: 6.5102817e-05 | AA5: 7.710362e-05 | AB5: 7.6732996e-05 | AC5: 4.7783851e-05 | AD5: 4.7056397e-05 | AE5: -1.3665484e-06 | AF5: 4.5176933e-05 | AG5: 1.5171779e-05 | AH5: 0.0004278902 | AI5: 0.00023798471 | AJ5: -0.00010550372 | AK5: 0.0023108054
A6: Deh_c4_Low_L1 | B6: -0.18756034 | C6: -5.060892e-05 | D6: -0.00026161215 | E6: 2.0195719e-06 | F6: 0.00055453981 | G6: 0.0012771312 | H6: 4.9565205e-06 | I6: 1.2443653e-06 | J6: 1.2397301e-05 | K6: -3.5334044e-05 | L6: -8.5324782e-05 | M6: 7.8299541e-05 | N6: 2.1670042e-05 | O6: 0.00012508816 | P6: 0.0002032128 | Q6: 0.00047151846 | R6: 0.00054529799 | S6: 4.1922976e-05 | T6: -2.0190862e-05 | U6: 6.3468464e-05 | V6: 2.8008209e-05 | W6: 0.00026445483 | X6: -3.6329162e-05 | Y6: 3.0110288e-05 | Z6: 6.2594768e-05 | AA6: 0.00012476559 | AB6: 5.6895062e-05 | AC6: 8.2262189e-05 | AD6: 2.2916175e-05 | AE6: 1.5195565e-05 | AF6: 1.5078397e-05 | AG6: -5.2653986e-05 | AH6: 0.00092952404 | AI6: 0.00025544461 | AJ6: -4.6184744e-05 | AK6: 0.0067893511
A7: Dhe_pcs_L1 | B7: -0.0003641701 | C7: 1.3940964e-07 | D7: 3.2838899e-07 | E7: -2.9199976e-09 | F7: 2.5418958e-06 | G7: 4.9565205e-06 | H7: 1.5725694e-06 | I7: 1.063474e-07 | J7: 2.7208257e-07 | K7: -2.5142369e-06 | L7: 5.9161856e-06 | M7: -2.0336531e-06 | N7: 1.2341773e-06 | O7: 1.3400838e-06 | P7: 2.5667476e-06 | Q7: 3.1330688e-06 | R7: -1.0842198e-06 | S7: 2.2168626e-05 | T7: 4.2094298e-06 | U7: 2.5762403e-06 | V7: 1.6621316e-06 | W7: 6.2493866e-06 | X7: 1.6992155e-06 | Y7: 3.2024435e-07 | Z7: -2.8645114e-07 | AA7: 6.823924e-07 | AB7: 9.8633618e-07 | AC7: 3.3446115e-07 | AD7: -2.3231426e-07 | AE7: 4.9097869e-07 | AF7: -4.9007675e-07 | AG7: -1.0194135e-06 | AH7: 1.8140154e-05 | AI7: -1.4376216e-06 | AJ7: -3.1762043e-06 | AK7: -0.00010677581
A8: Dhe_mcs_L1 | B8: 0.00054314256 | C8: -2.407572e-06 | D8: -1.484891e-08 | E8: -4.0179977e-09 | F8: -4.3169788e-07 | G8: 1.2443653e-06 | H8: 1.063474e-07 | I8: 1.8809729e-06 | J8: 1.1761911e-07 | K8: -1.8838159e-06 | L8: 5.8287793e-06 | M8: -1.0892889e-06 | N8: -8.6443179e-07 | O8: -2.3437023e-07 | P8: -1.2268116e-06 | Q8: -1.9197576e-06 | R8: -4.7182612e-06 | S8: 1.031936e-05 | T8: -1.3386246e-06 | U8: 4.9063744e-07 | V8: -1.1274125e-06 | W8: 7.5110764e-06 | X8: -9.0576174e-07 | Y8: -3.033234e-06 | Z8: -1.5102673e-06 | AA8: -2.3193086e-06 | AB8: 1.3339695e-06 | AC8: -7.5960543e-07 | AD8: -2.585209e-06 | AE8: 8.3697426e-07 | AF8: 1.391073e-07 | AG8: -1.6267992e-07 | AH8: 2.2607428e-05 | AI8: -2.2315121e-06 | AJ8: 5.7675289e-06 | AK8: -9.5657141e-05
A9: Reached_Retirement_Age | B9: 0.53066152 | C9: 0.00022797563 | D9: 0.00015074429 | E9: -1.9349634e-06 | F9: 1.8527315e-05 | G9: 1.2397301e-05 | H9: 2.7208257e-07 | I9: 1.1761911e-07 | J9: 0.0015012083 | K9: -0.00050227634 | L9: 0.00033483681 | M9: -1.300358e-05 | N9: -8.3740731e-05 | O9: 0.0001054463 | P9: 7.774915e-05 | Q9: 0.00010345136 | R9: 9.9000694e-05 | S9: -6.6622055e-05 | T9: 3.8826835e-05 | U9: 2.9191038e-05 | V9: 3.4304499e-05 | W9: 0.00011912588 | X9: 2.8717875e-05 | Y9: 8.5722454e-05 | Z9: 4.765348e-05 | AA9: 4.9357138e-05 | AB9: 3.7810867e-05 | AC9: 7.201375e-05 | AD9: 3.2203629e-05 | AE9: 3.2893394e-05 | AF9: -6.7645973e-06 | AG9: -3.1980214e-05 | AH9: 0.00014749058 | AI9: -1.1640705e-05 | AJ9: -6.107497e-05 | AK9: -0.0032316151
A10: Reached_Retirement_Age_Les | B10: 0.52365622 | C10: -3.6127163e-05 | D10: 0.00042847209 | E10: -3.6397174e-06 | F10: -2.3169128e-05 | G10: -3.5334044e-05 | H10: -2.5142369e-06 | I10: -1.8838159e-06 | J10: -0.00050227634 | K10: 0.0042707621 | L10: -0.0012499234 | M10: 2.718569e-05 | N10: 4.2044294e-05 | O10: -0.00022288273 | P10: -0.00015205351 | Q10: -0.00019739397 | R10: -0.00027887614 | S10: 0.00018185199 | T10: 8.817185e-05 | U10: -4.421899e-05 | V10: -2.4626665e-05 | W10: 6.4951569e-05 | X10: -1.4630701e-05 | Y10: 2.516055e-05 | Z10: 1.1722927e-05 | AA10: 1.8441951e-05 | AB10: 3.0336479e-05 | AC10: 3.4194374e-05 | AD10: -0.00012523633 | AE10: 6.7686322e-06 | AF10: 1.1182533e-05 | AG10: 9.2664659e-05 | AH10: 0.00033231487 | AI10: -7.7980453e-05 | AJ10: 0.00024653306 | AK10: -0.011995537
A11: Les_c3_NotEmployed_L1 | B11: 0.61574466 | C11: 0.00021268532 | D11: 0.00017494325 | E11: -1.4506675e-06 | F11: 6.6535026e-06 | G11: -8.5324782e-05 | H11: 5.9161856e-06 | I11: 5.8287793e-06 | J11: 0.00033483681 | K11: -0.0012499234 | L11: 0.0019501108 | M11: 0.00012104456 | N11: 2.902979e-05 | O11: 0.00043966024 | P11: 0.00087804091 | Q11: 0.00098636302 | R11: 0.0011165517 | S11: -0.00060349552 | T11: -0.00030723826 | U11: -0.00012995939 | V11: -0.0001462503 | W11: -0.00028454129 | X11: -0.00014913358 | Y11: -0.00021923577 | Z11: -0.00022545123 | AA11: -0.0001694253 | AB11: -0.00017605171 | AC11: -0.00024402788 | AD11: -0.00015217334 | AE11: 6.2210124e-06 | AF11: -4.1269068e-05 | AG11: -4.5426384e-05 | AH11: -0.00078044437 | AI11: -0.00014083739 | AJ11: -0.00054224555 | AK11: -0.0071665993
A12: Lessp_c3_NotEmployed_L1 | B12: 0.32592074 | C12: -3.3476014e-05 | D12: 8.7917412e-06 | E12: -6.6156626e-08 | F12: 5.7165279e-05 | G12: 7.8299541e-05 | H12: -2.0336531e-06 | I12: -1.0892889e-06 | J12: -1.300358e-05 | K12: 2.718569e-05 | L12: 0.00012104456 | M12: 0.00077651968 | N12: -0.00027221834 | O12: 0.00026123441 | P12: 0.00042458342 | Q12: 0.00058956116 | R12: 0.00071975703 | S12: -4.2202537e-05 | T12: -0.00013811154 | U12: -0.0001152477 | V12: -0.0001100756 | W12: -0.00018552774 | X12: -0.00010414759 | Y12: -0.00011102932 | Z12: -0.00012523563 | AA12: -9.375987e-05 | AB12: -0.00012689619 | AC12: -0.00013581781 | AD12: -0.00016413315 | AE12: -6.8730495e-06 | AF12: 1.8514119e-05 | AG12: -3.2029852e-05 | AH12: -0.0004310112 | AI12: 7.3520471e-07 | AJ12: -0.00016500222 | AK12: -0.000740345
A13: Reached_Retirement_Age_Sp | B13: 0.062798697 | C13: 6.6372572e-05 | D13: 1.5198222e-05 | E13: -3.8191846e-07 | F13: 1.609955e-05 | G13: 2.1670042e-05 | H13: 1.2341773e-06 | I13: -8.6443179e-07 | J13: -8.3740731e-05 | K13: 4.2044294e-05 | L13: 2.902979e-05 | M13: -0.00027221834 | N13: 0.00090320343 | O13: -0.00018707762 | P13: -0.00017139077 | Q13: -0.00012368857 | R13: -0.00012911379 | S13: 2.6777805e-05 | T13: 5.2790524e-05 | U13: 2.4611789e-05 | V13: 6.5619371e-05 | W13: 0.00011699793 | X13: 7.1584493e-06 | Y13: 4.1785545e-05 | Z13: 5.247864e-05 | AA13: 3.5417719e-06 | AB13: 1.5676242e-05 | AC13: 5.6823563e-05 | AD13: 9.8704348e-05 | AE13: 1.3348089e-05 | AF13: -4.385656e-05 | AG13: -8.6046621e-08 | AH13: 0.0001793003 | AI13: -2.8752949e-05 | AJ13: 0.00016789347 | AK13: 0.00014817326
... A36: Constant | B36: -28.895243 | C36: -0.0029490861 | D36: -0.047990294 | E36: 0.00038546273 | F36: 0.0023108054 | G36: 0.0067893511 | H36: -0.00010677581 | I36: -9.5657141e-05 | J36: -0.0032316151 | K36: -0.011995537 | L36: -0.0071665993 | M36: -0.000740345 | N36: 0.00014817326 | O36: -0.005938385 | P36: -0.0041149043 | Q36: -0.00015958111 | R36: -0.0022204445 | S36: 0.0048419192 | T36: 0.0017674577 | U36: 0.0014682143 | V36: 0.0014925912 | W36: 0.0092081598 | X36: 0.0032862068 | Y36: 0.0047835546 | Z36: 0.0034180959 | AA36: 0.0038667378 | AB36: 0.0029465628 | AC36: 0.0036431947 | AD36: 0.0023303696 | AE36: -0.00016270688 | AF36: -0.00013084041 | AG36: -0.0017173817 | AH36: 0.021662652 | AI36: 0.0075507557 | AJ36: 0.0019880726 | AK36: 1.4959339

Sheet R1a
A1: REGRESSOR | B1: COEFFICIENT | C1: demMaleFlag | D1: demAge | E1: demAgeSq | F1: eduHighestC4MediumL1 | G1: eduHighestC4LowL1 | H1: healthPhysicalPcsL1 | I1: healthMentalMcsL1 | J1: demPensAgeFlag | K1: labStatusC3NotEmployedL1 | L1: yHhQuintilesMonthC5Q2L1 | M1: yHhQuintilesMonthC5Q3L1 | N1: yHhQuintilesMonthC5Q4L1 | O1: yHhQuintilesMonthC5Q5L1 | P1: healthDsblLongtermFlagL1 | Q1: demRgnUKC | R1: demRgnUKD | S1: demRgnUKE | T1: demRgnUKF | U1: demRgnUKG | V1: demRgnUKH | W1: demRgnUKJ | X1: demRgnUKK | Y1: demRgnUKL | Z1: demRgnUKM | AA1: demRgnUKN | AB1: demYearTransformed | AC1: demYear2020 | AD1: demYear2021 | AE1: demEthnC4Asian | AF1: demEthnC4Black | AG1: demEthnC4Other | AH1: Constant
A2: demMaleFlag | B2: 0.10737057 | C2: 0.001685746 | D2: -0.00012153516 | E2: 8.2154031e-07 | F2: -0.00040469964 | G2: -0.00055438286 | H2: 8.4260366e-06 | I2: -4.4386836e-06 | J2: 0.00047725993 | K2: -0.00044952064 | L2: 0.00016805616 | M2: -8.308302e-05 | N2: -0.00024956895 | O2: -0.0012617964 | P2: 0.00041192586 | Q2: -0.0012400506 | R2: -0.0017529792 | S2: -0.0011044163 | T2: -0.0013855037 | U2: -0.00092358436 | V2: -0.0010197156 | W2: -0.0011201295 | X2: -0.0012167531 | Y2: -0.0011614334 | Z2: -0.0012249992 | AA2: -0.00076383403 | AB2: -4.8573611e-06 | AC2: 0.00016564791 | AD2: 0.00020477688 | AE2: -0.00020770197 | AF2: -0.0042528204 | AG2: -0.00047613401 | AH2: 0.0052508963
A3: demAge | B3: 0.52454491 | C3: -0.00012153516 | D3: 0.001804439 | E3: -1.4071896e-05 | F3: -1.7717215e-05 | G3: -3.5713878e-05 | H3: 5.6715851e-07 | I3: 1.8990724e-06 | J3: -0.0001932999 | K3: 0.00089292079 | L3: 0.00027499527 | M3: 0.0004031187 | N3: 0.00042373908 | O3: 0.00054067846 | P3: -0.00037847686 | Q3: 0.00019799251 | R3: 0.00020179939 | S3: 5.3164751e-05 | T3: 7.9164708e-05 | U3: 0.00017724003 | V3: 0.00012868067 | W3: 0.00023916827 | X3: 0.0001858014 | Y3: 0.00022742005 | Z3: 0.00019214793 | AA3: 0.00010339786 | AB3: -7.6627499e-06 | AC3: -6.2915257e-05 | AD3: -8.3291934e-06 | AE3: -0.00022987421 | AF3: 8.9560179e-05 | AG3: -3.2768084e-05 | AH3: -0.057821832
A4: demAgeSq | B4: -0.0036750679 | C4: 8.2154031e-07 | D4: -1.4071896e-05 | E4: 1.1106874e-07 | F4: 4.6151067e-08 | G4: 4.4842654e-08 | H4: 2.6807244e-10 | I4: -2.0981996e-08 | J4: -5.4191886e-08 | K4: -7.6806941e-06 | L4: -2.5428086e-06 | M4: -3.6054998e-06 | N4: -3.6614599e-06 | O4: -4.6943075e-06 | P4: 3.5999996e-06 | Q4: -1.485257e-06 | R4: -1.8791101e-06 | S4: -5.5109246e-07 | T4: -6.4763107e-07 | U4: -1.4451342e-06 | V4: -1.0873565e-06 | W4: -1.8055251e-06 | X4: -1.5645936e-06 | Y4: -2.2392599e-06 | Z4: -1.6148e-06 | AA4: -1.1530581e-06 | AB4: 3.2748816e-09 | AC4: 5.9240493e-07 | AD4: 2.3104759e-08 | AE4: 2.0589366e-06 | AF4: -1.6163623e-06 | AG4: 1.6358384e-07 | AH4: 0.00044811652
A5: eduHighestC4MediumL1 | B5: -0.056978642 | C5: -0.00040469964 | D5: -1.7717215e-05 | E5: 4.6151067e-08 | F5: 0.0028659182 | G5: 0.0022682913 | H5: -2.8680904e-05 | I5: -1.622673e-05 | J5: 0.00021226454 | K5: 0.00059022743 | L5: -0.00031295894 | M5: 0.00033529631 | N5: 0.00055659139 | O5: 0.0022267249 | P5: -0.00081718168 | Q5: 0.0012931939 | R5: 0.0027084558 | S5: 0.0017761513 | T5: 0.0014529283 | U5: 0.0011663658 | V5: 0.0013356613 | W5: 0.001642753 | X5: 0.0016618138 | Y5: 0.0017502672 | Z5: 0.0014903046 | AA5: 0.0020919809 | AB5: 3.5848401e-05 | AC5: -0.00018710326 | AD5: -0.00011999236 | AE5: 0.00062365684 | AF5: 0.0076051332 | AG5: 0.00038684778 | AH5: -0.0018192579
A6: eduHighestC4LowL1 | B6: -0.081493432 | C6: -0.00055438286 | D6: -3.5713878e-05 | E6: 4.4842654e-08 | F6: 0.0022682913 | G6: 0.0036882951 | H6: -1.9994871e-05 | I6: -7.265401e-06 | J6: 0.00037334999 | K6: 0.00070777474 | L6: 4.1664124e-05 | M6: 0.00078198696 | N6: 0.0011166743 | O6: 0.0027102445 | P6: -0.0007276504 | Q6: 0.0009888671 | R6: 0.0021788964 | S6: 0.0015132252 | T6: 0.0010013006 | U6: 0.00098877265 | V6: 0.0010799636 | W6: 0.00116023 | X6: 0.001250057 | Y6: 0.0010840893 | Z6: 0.0011387451 | AA6: 0.00062501823 | AB6: 5.1210281e-05 | AC6: -7.4405674e-05 | AD6: 0.00020963647 | AE6: 0.00010525129 | AF6: 0.0068419731 | AG6: 0.00052570244 | AH6: -0.0019271282
A7: healthPhysicalPcsL1 | B7: -0.0037952887 | C7: 8.4260366e-06 | D7: 5.6715851e-07 | E7: 2.6807244e-10 | F7: -2.8680904e-05 | G7: -1.9994871e-05 | H7: 4.0379347e-06 | I7: 6.3229311e-07 | J7: -7.5256201e-06 | K7: -2.0794992e-06 | L7: 1.0574195e-06 | M7: -1.78691e-05 | N7: -1.5708443e-05 | O7: -7.1170358e-05 | P7: 6.4334053e-05 | Q7: -6.0411349e-05 | R7: -0.00010723041 | S7: -5.3994171e-05 | T7: -6.2662109e-05 | U7: -4.761117e-05 | V7: -5.8374012e-05 | W7: -5.1738093e-05 | X7: -6.6547871e-05 | Y7: -7.2590006e-05 | Z7: -6.9044195e-05 | AA7: -8.3551934e-05 | AB7: -1.0073425e-06 | AC7: 1.3133145e-05 | AD7: 1.3482191e-05 | AE7: -2.0425349e-05 | AF7: -0.00027453029 | AG7: -1.1501146e-05 | AH7: -0.00014289522
A8: healthMentalMcsL1 | B8: -0.00051167219 | C8: -4.4386836e-06 | D8: 1.8990724e-06 | E8: -2.0981996e-08 | F8: -1.622673e-05 | G8: -7.265401e-06 | H8: 6.3229311e-07 | I8: 3.336531e-06 | J8: -1.1991325e-05 | K8: -6.6390678e-06 | L8: 9.0905797e-06 | M8: -1.3565677e-05 | N8: -1.6173409e-05 | O8: -2.6029853e-05 | P8: 2.9861717e-05 | Q8: -2.3195701e-05 | R8: -3.1988712e-05 | S8: -2.2160397e-05 | T8: -3.2324372e-05 | U8: -2.2342798e-05 | V8: -2.9586487e-05 | W8: -2.6505568e-05 | X8: -3.0681303e-05 | Y8: -3.2401057e-05 | Z8: -2.8728158e-05 | AA8: -5.1641256e-05 | AB8: 1.3414489e-06 | AC8: 3.7435135e-06 | AD8: 9.2191196e-07 | AE8: -1.832511e-05 | AF8: -4.1991524e-05 | AG8: -2.2058161e-06 | AH8: -0.00019698257
A9: demPensAgeFlag | B9: 0.77485628 | C9: 0.00047725993 | D9: -0.0001932999 | E9: -5.4191886e-08 | F9: 0.00021226454 | G9: 0.00037334999 | H9: -7.5256201e-06 | I9: -1.1991325e-05 | J9: 0.0036900126 | K9: 0.0010268076 | L9: 7.7120559e-05 | M9: 0.0004365169 | N9: 0.0005511582 | O9: 0.00045876998 | P9: -0.00045504695 | Q9: -0.00012226851 | R9: -5.6157095e-05 | S9: 0.0004212399 | T9: 0.00010328307 | U9: 0.00022656235 | V9: 0.00024471973 | W9: -0.00023721703 | X9: -4.1340047e-05 | Y9: 0.00030256221 | Z9: 0.00014507102 | AA9: 0.00029511794 | AB9: 6.8971473e-05 | AC9: 2.036502e-05 | AD9: 0.00046454673 | AE9: -0.00010236073 | AF9: -0.0008797205 | AG9: 0.00053942007 | AH9: 0.0094577727
A10: labStatusC3NotEmployedL1 | B10: 0.62918171 | C10: -0.00044952064 | D10: 0.00089292079 | E10: -7.6806941e-06 | F10: 0.00059022743 | G10: 0.00070777474 | H10: -2.0794992e-06 | I10: -6.6390678e-06 | J10: 0.0010268076 | K10: 0.0089660277 | L10: 0.0017141717 | M10: 0.0070405851 | N10: 0.0074754929 | O10: 0.0075868448 | P10: -0.0018494852 | Q10: 0.0013157311 | R10: 0.0013591067 | S10: 0.0011618054 | T10: 0.0012447901 | U10: 0.0016174661 | V10: 0.0014262038 | W10: 0.0014231163 | X10: 0.001296576 | Y10: 0.0020974416 | Z10: 0.0012898169 | AA10: 0.00094623898 | AB10: -3.76195e-05 | AC10: 0.00024251058 | AD10: 0.00048964009 | AE10: -0.00022052216 | AF10: -0.00085812202 | AG10: 0.00028076575 | AH10: -0.03412094
A11: yHhQuintilesMonthC5Q2L1 | B11: 0.074549858 | C11: 0.00016805616 | D11: 0.00027499527 | E11: -2.5428086e-06 | F11: -0.00031295894 | G11: 4.1664124e-05 | H11: 1.0574195e-06 | I11: 9.0905797e-06 | J11: 7.7120559e-05 | K11: 0.0017141717 | L11: 0.0043672176 | M11: 0.0032305341 | N11: 0.0031371758 | O11: 0.0028322878 | P11: 7.8825359e-05 | Q11: -0.00073305771 | R11: -0.00076691698 | S11: -0.00070918957 | T11: -0.0010254101 | U11: -0.0008288109 | V11: -0.0010346572 | W11: -0.0010613829 | X11: -0.00087709621 | Y11: -0.00023091164 | Z11: -0.00058363908 | AA11: -0.0014329706 | AB11: 3.9903479e-05 | AC11: -0.00013441062 | AD11: 4.5915409e-05 | AE11: -0.00053505123 | AF11: -0.0019201082 | AG11: -0.00096384816 | AH11: -0.010667055
A12: yHhQuintilesMonthC5Q3L1 | B12: 0.070393091 | C12: -8.308302e-05 | D12: 0.0004031187 | E12: -3.6054998e-06 | F12: 0.00033529631 | G12: 0.00078198696 | H12: -1.78691e-05 | I12: -1.3565677e-05 | J12: 0.0004365169 | K12: 0.0070405851 | L12: 0.0032305341 | M12: 0.010473604 | N12: 0.0090469323 | O12: 0.0090642255 | P12: 0.00055750988 | Q12: 0.00034027328 | R12: 0.00035296344 | S12: 0.0002977723 | T12: 0.00031847122 | U12: 0.00070564701 | V12: 0.00049057592 | W12: 0.00042688799 | X12: 0.00072513678 | Y12: 0.0010010174 | Z12: 0.00060840625 | AA12: -1.1198313e-05 | AB12: -3.833291e-05 | AC12: 0.00039491454 | AD12: 0.00054097881 | AE12: 7.00638e-05 | AF12: -0.0010449402 | AG12: -0.00067502638 | AH12: -0.01893727
A13: yHhQuintilesMonthC5Q4L1 | B13: 0.11449328 | C13: -0.00024956895 | D13: 0.00042373908 | E13: -3.6614599e-06 | F13: 0.00055659139 | G13: 0.0011166743 | H13: -1.5708443e-05 | I13: -1.6173409e-05 | J13: 0.0005511582 | K13: 0.0074754929 | L13: 0.0031371758 | M13: 0.0090469323 | N13: 0.010912632 | O13: 0.0095794161 | P13: 0.00053117604 | Q13: 0.0010900051 | R13: 0.001019246 | S13: 0.0011163844 | T13: 0.00080666957 | U13: 0.0011847738 | V13: 0.001148001 | W13: 0.001234718 | X13: 0.0011256432 | Y13: 0.0013622991 | Z13: 0.0009830185 | AA13: 0.00056322843 | AB13: -6.3220453e-05 | AC13: 0.00049785347 | AD13: 0.00069399055 | AE13: 0.00026871664 | AF13: -0.00072808525 | AG13: -0.00039519407 | AH13: -0.020667479
... A33: Constant | B33: -19.839038 | C33: 0.0052508963 | D33: -0.057821832 | E33: 0.00044811652 | F33: -0.0018192579 | G33: -0.0019271282 | H33: -0.00014289522 | I33: -0.00019698257 | J33: 0.0094577727 | K33: -0.03412094 | L33: -0.010667055 | M33: -0.01893727 | N33: -0.020667479 | O33: -0.0270162 | P33: 0.0076964253 | Q33: -0.013568024 | R33: -0.016097737 | S33: -0.0087718688 | T33: -0.0091502309 | U33: -0.012308892 | V33: -0.010511309 | W33: -0.015203459 | X33: -0.012537249 | Y33: -0.013123496 | Z33: -0.012842635 | AA33: -0.0087284983 | AB33: -0.00021228853 | AC33: 0.003213989 | AD33: 0.0017901144 | AE33: 0.0049615023 | AF33: -0.020602315 | AG33: -3.3805315e-05 | AH33: 1.8985142

Sheet R1b
A1: REGRESSOR | B1: COEFFICIENT | C1: demMaleFlag | D1: demAge | E1: demAgeSq | F1: eduHighestC4MediumL1 | G1: eduHighestC4LowL1 | H1: healthPhysicalPcsL1 | I1: healthMentalMcsL1 | J1: demPensAgeFlag | K1: demPensAgeFlag_NotEmployedL1 | L1: labStatusC3NotEmployedL1 | M1: labStatusPartnerC3NotEmployedL1 | N1: demPensPartnerAgeFlag | O1: yHhQuintilesMonthC5Q2L1 | P1: yHhQuintilesMonthC5Q3L1 | Q1: yHhQuintilesMonthC5Q4L1 | R1: yHhQuintilesMonthC5Q5L1 | S1: healthDsblLongtermFlagL1 | T1: demRgnUKC | U1: demRgnUKD | V1: demRgnUKE | W1: demRgnUKF | X1: demRgnUKG | Y1: demRgnUKH | Z1: demRgnUKJ | AA1: demRgnUKK | AB1: demRgnUKL | AC1: demRgnUKM | AD1: demRgnUKN | AE1: demYearTransformed | AF1: demYear2020 | AG1: demYear2021 | AH1: demEthnC4Asian | AI1: demEthnC4Black | AJ1: demEthnC4Other | AK1: Constant
A2: demMaleFlag | B2: -0.019013731 | C2: 0.00057855368 | D2: 0.00010268953 | E2: -1.0081463e-06 | F2: 4.4002035e-06 | G2: -5.060892e-05 | H2: 1.3940964e-07 | I2: -2.407572e-06 | J2: 0.00022797563 | K2: -3.6127163e-05 | L2: 0.00021268532 | M2: -3.3476014e-05 | N2: 6.6372572e-05 | O2: 0.00015003122 | P2: 0.00016274383 | Q2: 0.00011807642 | R2: 0.0001209941 | S2: -7.8999608e-05 | T2: -0.00014076749 | U2: -0.00013668877 | V2: -0.00012714384 | W2: -0.0001483737 | X2: -0.00013961419 | Y2: -7.9415749e-05 | Z2: -9.101263e-05 | AA2: -0.00010615727 | AB2: -0.00010874416 | AC2: -0.00013981324 | AD2: -0.00014487646 | AE2: 1.0162128e-05 | AF2: -2.345354e-05 | AG2: -2.7265292e-05 | AH2: -0.00016849244 | AI2: -0.00011026529 | AJ2: -0.00010897269 | AK2: -0.0029490861
A3: demAge | B3: 0.82256252 | C3: 0.00010268953 | D3: 0.0015675271 | E3: -1.2652535e-05 | F3: -9.9640347e-05 | G3: -0.00026161215 | H3: 3.2838899e-07 | I3: -1.484891e-08 | J3: 0.00015074429 | K3: 0.00042847209 | L3: 0.00017494325 | M3: 8.7917412e-06 | N3: 1.5198222e-05 | O3: 8.177475e-05 | P3: 3.1910361e-06 | Q3: -0.00015415253 | R3: -8.7746256e-05 | S3: -0.00023405325 | T3: -0.00013800979 | U3: -0.00012911176 | V3: -0.00013068892 | W3: -0.00040177896 | X3: -0.00018408554 | Y3: -0.00021915515 | Z3: -0.00017850416 | AA3: -0.00019975325 | AB3: -0.00017735664 | AC3: -0.00019137173 | AD3: -0.00015108563 | AE3: 7.8490128e-08 | AF3: 2.283721e-05 | AG3: 8.0655171e-05 | AH3: -0.00083373486 | AI3: -0.00027024915 | AJ3: -5.698929e-05 | AK3: -0.047990294
A4: demAgeSq | B4: -0.006231096 | C4: -1.0081463e-06 | D4: -1.2652535e-05 | E4: 1.0296347e-07 | F4: 7.9244809e-07 | G4: 2.0195719e-06 | H4: -2.9199976e-09 | I4: -4.0179977e-09 | J4: -1.9349634e-06 | K4: -3.6397174e-06 | L4: -1.4506675e-06 | M4: -6.6156626e-08 | N4: -3.8191846e-07 | O4: -7.5542473e-07 | P4: -1.2266058e-07 | Q4: 1.1387552e-06 | R4: 6.7278403e-07 | S4: 1.9240757e-06 | T4: 1.2042884e-06 | U4: 1.0868318e-06 | V4: 1.0945138e-06 | W4: 3.0954934e-06 | X4: 1.5634587e-06 | Y4: 1.7206505e-06 | Z4: 1.4212111e-06 | AA4: 1.6106582e-06 | AB4: 1.46228e-06 | AC4: 1.5439467e-06 | AD4: 1.2548631e-06 | AE4: -3.2511178e-08 | AF4: -1.3026564e-07 | AG4: -5.8967962e-07 | AH4: 6.2912148e-06 | AI4: 2.2156794e-06 | AJ4: 3.6316604e-07 | AK4: 0.00038546273
A5: eduHighestC4MediumL1 | B5: -0.071962484 | C5: 4.4002035e-06 | D5: -9.9640347e-05 | E5: 7.9244809e-07 | F5: 0.00073945051 | G5: 0.00055453981 | H5: 2.5418958e-06 | I5: -4.3169788e-07 | J5: 1.8527315e-05 | K5: -2.3169128e-05 | L5: 6.6535026e-06 | M5: 5.7165279e-05 | N5: 1.609955e-05 | O5: -4.7352022e-06 | P5: -1.3357145e-05 | Q5: 0.00012412674 | R5: 0.00020223338 | S5: 3.2375781e-05 | T5: 8.4834912e-06 | U5: 6.4646445e-05 | V5: 6.6278471e-05 | W5: 0.0001183745 | X5: -3.4349306e-05 | Y5: 4.1107701e-05 | Z5: 6.5102817e-05 | AA5: 7.710362e-05 | AB5: 7.6732996e-05 | AC5: 4.7783851e-05 | AD5: 4.7056397e-05 | AE5: -1.3665484e-06 | AF5: 4.5176933e-05 | AG5: 1.5171779e-05 | AH5: 0.0004278902 | AI5: 0.00023798471 | AJ5: -0.00010550372 | AK5: 0.0023108054
A6: eduHighestC4LowL1 | B6: -0.18756034 | C6: -5.060892e-05 | D6: -0.00026161215 | E6: 2.0195719e-06 | F6: 0.00055453981 | G6: 0.0012771312 | H6: 4.9565205e-06 | I6: 1.2443653e-06 | J6: 1.2397301e-05 | K6: -3.5334044e-05 | L6: -8.5324782e-05 | M6: 7.8299541e-05 | N6: 2.1670042e-05 | O6: 0.00012508816 | P6: 0.0002032128 | Q6: 0.00047151846 | R6: 0.00054529799 | S6: 4.1922976e-05 | T6: -2.0190862e-05 | U6: 6.3468464e-05 | V6: 2.8008209e-05 | W6: 0.00026445483 | X6: -3.6329162e-05 | Y6: 3.0110288e-05 | Z6: 6.2594768e-05 | AA6: 0.00012476559 | AB6: 5.6895062e-05 | AC6: 8.2262189e-05 | AD6: 2.2916175e-05 | AE6: 1.5195565e-05 | AF6: 1.5078397e-05 | AG6: -5.2653986e-05 | AH6: 0.00092952404 | AI6: 0.00025544461 | AJ6: -4.6184744e-05 | AK6: 0.0067893511
A7: healthPhysicalPcsL1 | B7: -0.0003641701 | C7: 1.3940964e-07 | D7: 3.2838899e-07 | E7: -2.9199976e-09 | F7: 2.5418958e-06 | G7: 4.9565205e-06 | H7: 1.5725694e-06 | I7: 1.063474e-07 | J7: 2.7208257e-07 | K7: -2.5142369e-06 | L7: 5.9161856e-06 | M7: -2.0336531e-06 | N7: 1.2341773e-06 | O7: 1.3400838e-06 | P7: 2.5667476e-06 | Q7: 3.1330688e-06 | R7: -1.0842198e-06 | S7: 2.2168626e-05 | T7: 4.2094298e-06 | U7: 2.5762403e-06 | V7: 1.6621316e-06 | W7: 6.2493866e-06 | X7: 1.6992155e-06 | Y7: 3.2024435e-07 | Z7: -2.8645114e-07 | AA7: 6.823924e-07 | AB7: 9.8633618e-07 | AC7: 3.3446115e-07 | AD7: -2.3231426e-07 | AE7: 4.9097869e-07 | AF7: -4.9007675e-07 | AG7: -1.0194135e-06 | AH7: 1.8140154e-05 | AI7: -1.4376216e-06 | AJ7: -3.1762043e-06 | AK7: -0.00010677581
A8: healthMentalMcsL1 | B8: 0.00054314256 | C8: -2.407572e-06 | D8: -1.484891e-08 | E8: -4.0179977e-09 | F8: -4.3169788e-07 | G8: 1.2443653e-06 | H8: 1.063474e-07 | I8: 1.8809729e-06 | J8: 1.1761911e-07 | K8: -1.8838159e-06 | L8: 5.8287793e-06 | M8: -1.0892889e-06 | N8: -8.6443179e-07 | O8: -2.3437023e-07 | P8: -1.2268116e-06 | Q8: -1.9197576e-06 | R8: -4.7182612e-06 | S8: 1.031936e-05 | T8: -1.3386246e-06 | U8: 4.9063744e-07 | V8: -1.1274125e-06 | W8: 7.5110764e-06 | X8: -9.0576174e-07 | Y8: -3.033234e-06 | Z8: -1.5102673e-06 | AA8: -2.3193086e-06 | AB8: 1.3339695e-06 | AC8: -7.5960543e-07 | AD8: -2.585209e-06 | AE8: 8.3697426e-07 | AF8: 1.391073e-07 | AG8: -1.6267992e-07 | AH8: 2.2607428e-05 | AI8: -2.2315121e-06 | AJ8: 5.7675289e-06 | AK8: -9.5657141e-05
A9: demPensAgeFlag | B9: 0.53066152 | C9: 0.00022797563 | D9: 0.00015074429 | E9: -1.9349634e-06 | F9: 1.8527315e-05 | G9: 1.2397301e-05 | H9: 2.7208257e-07 | I9: 1.1761911e-07 | J9: 0.0015012083 | K9: -0.00050227634 | L9: 0.00033483681 | M9: -1.300358e-05 | N9: -8.3740731e-05 | O9: 0.0001054463 | P9: 7.774915e-05 | Q9: 0.00010345136 | R9: 9.9000694e-05 | S9: -6.6622055e-05 | T9: 3.8826835e-05 | U9: 2.9191038e-05 | V9: 3.4304499e-05 | W9: 0.00011912588 | X9: 2.8717875e-05 | Y9: 8.5722454e-05 | Z9: 4.765348e-05 | AA9: 4.9357138e-05 | AB9: 3.7810867e-05 | AC9: 7.201375e-05 | AD9: 3.2203629e-05 | AE9: 3.2893394e-05 | AF9: -6.7645973e-06 | AG9: -3.1980214e-05 | AH9: 0.00014749058 | AI9: -1.1640705e-05 | AJ9: -6.107497e-05 | AK9: -0.0032316151
A10: demPensAgeFlag_NotEmployedL1 | B10: 0.52365622 | C10: -3.6127163e-05 | D10: 0.00042847209 | E10: -3.6397174e-06 | F10: -2.3169128e-05 | G10: -3.5334044e-05 | H10: -2.5142369e-06 | I10: -1.8838159e-06 | J10: -0.00050227634 | K10: 0.0042707621 | L10: -0.0012499234 | M10: 2.718569e-05 | N10: 4.2044294e-05 | O10: -0.00022288273 | P10: -0.00015205351 | Q10: -0.00019739397 | R10: -0.00027887614 | S10: 0.00018185199 | T10: 8.817185e-05 | U10: -4.421899e-05 | V10: -2.4626665e-05 | W10: 6.4951569e-05 | X10: -1.4630701e-05 | Y10: 2.516055e-05 | Z10: 1.1722927e-05 | AA10: 1.8441951e-05 | AB10: 3.0336479e-05 | AC10: 3.4194374e-05 | AD10: -0.00012523633 | AE10: 6.7686322e-06 | AF10: 1.1182533e-05 | AG10: 9.2664659e-05 | AH10: 0.00033231487 | AI10: -7.7980453e-05 | AJ10: 0.00024653306 | AK10: -0.011995537
A11: labStatusC3NotEmployedL1 | B11: 0.61574466 | C11: 0.00021268532 | D11: 0.00017494325 | E11: -1.4506675e-06 | F11: 6.6535026e-06 | G11: -8.5324782e-05 | H11: 5.9161856e-06 | I11: 5.8287793e-06 | J11: 0.00033483681 | K11: -0.0012499234 | L11: 0.0019501108 | M11: 0.00012104456 | N11: 2.902979e-05 | O11: 0.00043966024 | P11: 0.00087804091 | Q11: 0.00098636302 | R11: 0.0011165517 | S11: -0.00060349552 | T11: -0.00030723826 | U11: -0.00012995939 | V11: -0.0001462503 | W11: -0.00028454129 | X11: -0.00014913358 | Y11: -0.00021923577 | Z11: -0.00022545123 | AA11: -0.0001694253 | AB11: -0.00017605171 | AC11: -0.00024402788 | AD11: -0.00015217334 | AE11: 6.2210124e-06 | AF11: -4.1269068e-05 | AG11: -4.5426384e-05 | AH11: -0.00078044437 | AI11: -0.00014083739 | AJ11: -0.00054224555 | AK11: -0.0071665993
A12: labStatusPartnerC3NotEmployedL1 | B12: 0.32592074 | C12: -3.3476014e-05 | D12: 8.7917412e-06 | E12: -6.6156626e-08 | F12: 5.7165279e-05 | G12: 7.8299541e-05 | H12: -2.0336531e-06 | I12: -1.0892889e-06 | J12: -1.300358e-05 | K12: 2.718569e-05 | L12: 0.00012104456 | M12: 0.00077651968 | N12: -0.00027221834 | O12: 0.00026123441 | P12: 0.00042458342 | Q12: 0.00058956116 | R12: 0.00071975703 | S12: -4.2202537e-05 | T12: -0.00013811154 | U12: -0.0001152477 | V12: -0.0001100756 | W12: -0.00018552774 | X12: -0.00010414759 | Y12: -0.00011102932 | Z12: -0.00012523563 | AA12: -9.375987e-05 | AB12: -0.00012689619 | AC12: -0.00013581781 | AD12: -0.00016413315 | AE12: -6.8730495e-06 | AF12: 1.8514119e-05 | AG12: -3.2029852e-05 | AH12: -0.0004310112 | AI12: 7.3520471e-07 | AJ12: -0.00016500222 | AK12: -0.000740345
A13: demPensPartnerAgeFlag | B13: 0.062798697 | C13: 6.6372572e-05 | D13: 1.5198222e-05 | E13: -3.8191846e-07 | F13: 1.609955e-05 | G13: 2.1670042e-05 | H13: 1.2341773e-06 | I13: -8.6443179e-07 | J13: -8.3740731e-05 | K13: 4.2044294e-05 | L13: 2.902979e-05 | M13: -0.00027221834 | N13: 0.00090320343 | O13: -0.00018707762 | P13: -0.00017139077 | Q13: -0.00012368857 | R13: -0.00012911379 | S13: 2.6777805e-05 | T13: 5.2790524e-05 | U13: 2.4611789e-05 | V13: 6.5619371e-05 | W13: 0.00011699793 | X13: 7.1584493e-06 | Y13: 4.1785545e-05 | Z13: 5.247864e-05 | AA13: 3.5417719e-06 | AB13: 1.5676242e-05 | AC13: 5.6823563e-05 | AD13: 9.8704348e-05 | AE13: 1.3348089e-05 | AF13: -4.385656e-05 | AG13: -8.6046621e-08 | AH13: 0.0001793003 | AI13: -2.8752949e-05 | AJ13: 0.00016789347 | AK13: 0.00014817326
... A36: Constant | B36: -28.895243 | C36: -0.0029490861 | D36: -0.047990294 | E36: 0.00038546273 | F36: 0.0023108054 | G36: 0.0067893511 | H36: -0.00010677581 | I36: -9.5657141e-05 | J36: -0.0032316151 | K36: -0.011995537 | L36: -0.0071665993 | M36: -0.000740345 | N36: 0.00014817326 | O36: -0.005938385 | P36: -0.0041149043 | Q36: -0.00015958111 | R36: -0.0022204445 | S36: 0.0048419192 | T36: 0.0017674577 | U36: 0.0014682143 | V36: 0.0014925912 | W36: 0.0092081598 | X36: 0.0032862068 | Y36: 0.0047835546 | Z36: 0.0034180959 | AA36: 0.0038667378 | AB36: 0.0029465628 | AC36: 0.0036431947 | AD36: 0.0023303696 | AE36: -0.00016270688 | AF36: -0.00013084041 | AG36: -0.0017173817 | AH36: 0.021662652 | AI36: 0.0075507557 | AJ36: 0.0019880726 | AK36: 1.4959339
