Workbook

Sheet F1_comp
A1: ='F1'!A1 -> REGRESSOR | B1: ='F1'!B1 -> COEFFICIENT | D1: =F1_orig!A1 -> REGRESSOR | E1: =F1_orig!B1 -> COEFFICIENT | G1: comp
A2: ='F1'!A2 -> eduSampleFlag | B2: ='F1'!B2 -> -0.53200333 | D2: =F1_orig!A2 -> Ded | E2: =F1_orig!B2 -> -0.53200333 | G2: =B2-E2 -> 7.1054274e-15
A3: ='F1'!A3 -> demAge | B3: ='F1'!B3 -> 0.32365263 | D3: =F1_orig!A3 -> Dag | E3: =F1_orig!B3 -> 0.32365263 | G3: =B3-E3 -> 4.2743586e-15
A4: ='F1'!A4 -> demAgeSq | B4: ='F1'!B4 -> -0.005705963 | D4: =F1_orig!A4 -> Dag_sq | E4: =F1_orig!B4 -> -0.005705963 | G4: =B4-E4 -> -6.4184769e-17
A5: ='F1'!A5 -> healthPhysicalPcsL1 | B5: ='F1'!B5 -> -0.013617803 | D5: =F1_orig!A5 -> Dhe_pcs_L1 | E5: =F1_orig!B5 -> -0.013617803 | G5: =B5-E5 -> 1.8388069e-16
A6: ='F1'!A6 -> healthMentalMcsL1 | B6: ='F1'!B6 -> 0.007005085 | D6: =F1_orig!A6 -> Dhe_mcs_L1 | E6: =F1_orig!B6 -> 0.007005085 | G6: =B6-E6 -> 4.2500725e-17
A7: ='F1'!A7 -> demPartnerStatusSingle | B7: ='F1'!B7 -> -0.72395166 | D7: =F1_orig!A7 -> Dcpst_Single | E7: =F1_orig!B7 -> -0.72395166 | G7: =B7-E7 -> -1.8873791e-15
A8: ='F1'!A8 -> demPartnerStatusSingleL1 | B8: ='F1'!B8 -> 0.11626849 | D8: =F1_orig!A8 -> Dcpst_Single_L1 | E8: =F1_orig!B8 -> 0.11626849 | G8: =B8-E8 -> 4.5380366e-15
A9: ='F1'!A9 -> eduSampleFlag_Single | B9: ='F1'!B9 -> -0.33554019 | D9: =F1_orig!A9 -> Ded_Dcpst_Single | E9: =F1_orig!B9 -> -0.33554019 | G9: =B9-E9 -> 7.7715612e-16
A10: ='F1'!A10 -> yHhQuintilesMonthC5Q2L1 | B10: ='F1'!B10 -> -0.015456527 | D10: =F1_orig!A10 -> Ydses_c5_Q2_L1 | E10: =F1_orig!B10 -> -0.015456527 | G10: =B10-E10 -> 1.8197249e-15
A11: ='F1'!A11 -> yHhQuintilesMonthC5Q3L1 | B11: ='F1'!B11 -> -0.11603842 | D11: =F1_orig!A11 -> Ydses_c5_Q3_L1 | E11: =F1_orig!B11 -> -0.11603842 | G11: =B11-E11 -> 2.220446e-15
A12: ='F1'!A12 -> yHhQuintilesMonthC5Q4L1 | B12: ='F1'!B12 -> -0.10383679 | D12: =F1_orig!A12 -> Ydses_c5_Q4_L1 | E12: =F1_orig!B12 -> -0.10383679 | G12: =B12-E12 -> 2.5673907e-15
A13: ='F1'!A13 -> yHhQuintilesMonthC5Q5L1 | B13: ='F1'!B13 -> 0.10042235 | D13: =F1_orig!A13 -> Ydses_c5_Q5_L1 | E13: =F1_orig!B13 -> 0.10042235 | G13: =B13-E13 -> 3.0253577e-15
... A37: ='F1'!A37 -> Constant | B37: ='F1'!B37 -> -5.2549662 | D37: =F1_orig!A37 -> Constant | E37: =F1_orig!B37 -> -5.2549662 | G37: =B37-E37 -> -1.219469e-12

Sheet Info
A1: Description: | B1: Model parameters governing projection of fertility
A2: Authors: | B2: Patryk Bronka, Justin van de Ven, Daria Popova, Aleksandra Kolndrekaj, Ashley Burdett
A3: Last edit: 15 April 2026 (DP)
A5: Process: | B5: Description:
A6: F1 | B6: Prob have a child for women
A10: Notes: | B10: Estimation sample: UK_ipop.dta with grossing up weight dwt
B11: Conditions for processes are defined as globals in master.do
B12: Combined former processes F1a and F1b

Sheet Gof
A1: Goodness of fit
A3: F1 - Have child
A4: Pseudo R-squared | B4: 0.1713824 | E4: Chi^2 | F4: 2022.0622
A5: N | B5: 83159 | E5: Log likelihood | F5: -8357301.2

Sheet F1_orig
A1: REGRESSOR | B1: COEFFICIENT | C1: Ded | D1: Dag | E1: Dag_sq | F1: Dhe_pcs_L1 | G1: Dhe_mcs_L1 | H1: Dcpst_Single | I1: Dcpst_Single_L1 | J1: Ded_Dcpst_Single | K1: Ydses_c5_Q2_L1 | L1: Ydses_c5_Q3_L1 | M1: Ydses_c5_Q4_L1 | N1: Ydses_c5_Q5_L1 | O1: Dnc_L1 | P1: Dnc02_L1 | Q1: Deh_c4_Low | R1: Deh_c4_High | S1: FertilityRate | T1: Les_c3_NotEmployed_L1 | U1: demRgnUKC | V1: demRgnUKD | W1: demRgnUKE | X1: demRgnUKF | Y1: demRgnUKG | Z1: demRgnUKH | AA1: demRgnUKJ | AB1: demRgnUKK | AC1: demRgnUKL | AD1: demRgnUKM | AE1: demRgnUKN | AF1: Year_transformed | AG1: Y2020 | AH1: Y2021 | AI1: demEthnC4Asian | AJ1: demEthnC4Black | AK1: demEthnC4Other | AL1: Constant
A2: Ded | B2: -0.53200333 | C2: 0.20543781 | D2: -9.1559454e-05 | E2: 1.6039962e-06 | F2: 1.6131928e-05 | G2: 7.7183298e-06 | H2: -6.2329879e-05 | I2: 0.0017474417 | J2: -0.20477625 | K2: 0.00015392599 | L2: 0.0012514905 | M2: 0.0020578423 | N2: 0.002499824 | O2: 0.00035933179 | P2: 1.0113937e-06 | Q2: 0.00049670434 | R2: 0.00029322771 | S2: -0.00011888183 | T2: 0.0010199109 | U2: -0.00076867217 | V2: 9.9843899e-05 | W2: 0.0003352491 | X2: 0.00025420127 | Y2: 0.0011485613 | Z2: 0.00074899313 | AA2: -4.595571e-05 | AB2: 0.00024187106 | AC2: 0.00050489051 | AD2: -0.00015306899 | AE2: 0.00027013316 | AF2: -7.8786168e-05 | AG2: -0.00057531694 | AH2: -0.00029971968 | AI2: -5.6526804e-05 | AJ2: -0.00058324751 | AK2: 0.001276684 | AL2: 0.0051150678
A3: Dag | B3: 0.32365263 | C3: -9.1559454e-05 | D3: 0.00029241702 | E3: -4.3926172e-06 | F3: 9.7499504e-07 | G3: 1.9861379e-06 | H3: 2.6872953e-05 | I3: 6.9160856e-05 | J3: 0.0004244426 | K3: -1.852132e-05 | L3: -4.0948841e-05 | M3: -5.7913975e-05 | N3: -0.00011039133 | O3: -3.8154434e-05 | P3: -7.2795938e-05 | Q3: -3.7356494e-05 | R3: -9.642449e-06 | S3: -9.5251835e-06 | T3: 2.9250763e-05 | U3: 0.00010002735 | V3: 9.7696914e-05 | W3: 0.0001514812 | X3: 0.00015591486 | Y3: 0.00016376817 | Z3: 0.00023104012 | AA3: 0.00015391517 | AB3: 0.00016588269 | AC3: 0.00019472739 | AD3: 0.00014295161 | AE3: 0.0001451473 | AF3: -7.5630229e-06 | AG3: -2.6537146e-05 | AH3: -5.5018859e-05 | AI3: 5.1065744e-06 | AJ3: 1.8028907e-05 | AK3: 0.0002865514 | AL3: -0.0041887917
A4: Dag_sq | B4: -0.005705963 | C4: 1.6039962e-06 | D4: -4.3926172e-06 | E4: 6.7170988e-08 | F4: -7.5019985e-09 | G4: -2.9713337e-08 | H4: -5.1024242e-07 | I4: -6.7240315e-07 | J4: -6.2938531e-06 | K4: 3.0755204e-07 | L4: 6.282141e-07 | M4: 6.3047967e-07 | N4: 1.4075338e-06 | O4: 3.5663546e-07 | P4: 1.3797988e-06 | Q4: 4.2759491e-07 | R4: 1.6803367e-07 | S4: 1.6086959e-07 | T4: -4.9421887e-07 | U4: -1.6460043e-06 | V4: -1.5113752e-06 | W4: -2.2779226e-06 | X4: -2.4279443e-06 | Y4: -2.4522016e-06 | Z4: -3.6698383e-06 | AA4: -2.329387e-06 | AB4: -2.545245e-06 | AC4: -2.9240621e-06 | AD4: -2.3713942e-06 | AE4: -2.2500567e-06 | AF4: 1.2049351e-07 | AG4: 4.0155627e-07 | AH4: 8.6914154e-07 | AI4: -1.3338421e-07 | AJ4: -5.2044631e-07 | AK4: -4.6057223e-06 | AL4: 6.0416784e-05
A5: Dhe_pcs_L1 | B5: -0.013617803 | C5: 1.6131928e-05 | D5: 9.7499504e-07 | E5: -7.5019985e-09 | F5: 1.6308265e-06 | G5: 1.4519889e-07 | H5: 1.9685421e-05 | I5: -1.8309151e-05 | J5: -1.9337586e-05 | K5: -3.2209629e-07 | L5: -1.6172073e-06 | M5: -3.3358112e-06 | N5: -1.1716279e-05 | O5: -3.4036826e-06 | P5: -5.1477405e-07 | Q5: 6.2981877e-07 | R5: 1.9492088e-06 | S5: -7.6099523e-07 | T5: 8.6450309e-06 | U5: 2.3840961e-06 | V5: 4.8115885e-06 | W5: 3.677443e-06 | X5: 2.427127e-06 | Y5: 3.4114284e-06 | Z5: 1.0082273e-05 | AA5: 2.7490599e-07 | AB5: 3.4694168e-06 | AC5: 4.6442824e-06 | AD5: -1.8014602e-06 | AE5: 1.4908629e-06 | AF5: -5.7593408e-07 | AG5: -3.7426836e-06 | AH5: 1.0272852e-06 | AI5: 1.5691616e-06 | AJ5: 1.5085316e-06 | AK5: 1.7675754e-05 | AL5: -5.8295662e-05
A6: Dhe_mcs_L1 | B6: 0.007005085 | C6: 7.7183298e-06 | D6: 1.9861379e-06 | E6: -2.9713337e-08 | F6: 1.4519889e-07 | G6: 1.6146578e-06 | H6: 1.1506166e-05 | I6: -2.0824902e-05 | J6: -5.6175138e-06 | K6: -3.1518507e-06 | L6: -9.2327084e-06 | M6: -1.681247e-05 | N6: -1.3704425e-05 | O6: -2.3292628e-06 | P6: -1.2336918e-07 | Q6: 1.0685483e-06 | R6: -2.4121673e-06 | S6: 1.2243568e-06 | T6: 4.2043462e-06 | U6: -4.2902152e-06 | V6: -4.7004202e-06 | W6: -3.0597445e-06 | X6: -2.4433196e-06 | Y6: -2.3889324e-06 | Z6: -1.3634445e-05 | AA6: -3.7931236e-06 | AB6: -3.684538e-06 | AC6: -7.522956e-06 | AD6: -5.2673926e-06 | AE6: -3.6880854e-06 | AF6: 1.4605479e-06 | AG6: 6.2259686e-06 | AH6: 7.7950723e-06 | AI6: -6.7737045e-07 | AJ6: 1.141006e-06 | AK6: -3.0767736e-05 | AL6: -0.00019155575
A7: Dcpst_Single | B7: -0.72395166 | C7: -6.2329879e-05 | D7: 2.6872953e-05 | E7: -5.1024242e-07 | F7: 1.9685421e-05 | G7: 1.1506166e-05 | H7: 0.006849405 | I7: -0.0061399448 | J7: -0.00036696733 | K7: -1.5306531e-05 | L7: 9.7044641e-05 | M7: 9.5613154e-05 | N7: -0.00024341368 | O7: 0.00010765677 | P7: -0.00014225538 | Q7: 0.00013685166 | R7: 0.00051378673 | S7: 4.0060672e-05 | T7: 0.00010029413 | U7: -0.00010528942 | V7: 6.1315622e-05 | W7: 5.3322173e-05 | X7: 1.0231737e-06 | Y7: -0.00010488323 | Z7: 0.00051918325 | AA7: -0.00037212874 | AB7: -1.7790452e-06 | AC7: 7.732347e-05 | AD7: -0.00075539576 | AE7: -0.00013285986 | AF7: 2.6982426e-05 | AG7: -1.6929237e-05 | AH7: 0.00014916552 | AI7: -7.8964015e-05 | AJ7: -0.00031903732 | AK7: 0.00038975017 | AL7: -0.0049979091
A8: Dcpst_Single_L1 | B8: 0.11626849 | C8: 0.0017474417 | D8: 6.9160856e-05 | E8: -6.7240315e-07 | F8: -1.8309151e-05 | G8: -2.0824902e-05 | H8: -0.0061399448 | I8: 0.0070865603 | J8: -0.0013939435 | K8: 0.00015775543 | L8: 0.00053083148 | M8: 0.00094749739 | N8: 0.001145064 | O8: 0.00011569641 | P8: 0.00020508342 | Q8: 0.00012656463 | R8: -0.00032397927 | S8: -5.3409189e-05 | T8: -2.8388705e-06 | U8: 9.6250531e-05 | V8: 2.7722529e-05 | W8: 9.3460319e-05 | X8: 2.5625851e-05 | Y8: 0.0001202378 | Z8: 0.00020126442 | AA8: 0.0004381276 | AB8: 0.00015704121 | AC8: 0.0002148379 | AD8: 0.00071916468 | AE8: 7.7924202e-05 | AF8: -2.4816778e-05 | AG8: -0.00032987205 | AH8: -0.0004490056 | AI8: 7.0945309e-05 | AJ8: -0.00024893663 | AK8: 0.001756115 | AL8: 0.0026945098
A9: Ded_Dcpst_Single | B9: -0.33554019 | C9: -0.20477625 | D9: 0.0004244426 | E9: -6.2938531e-06 | F9: -1.9337586e-05 | G9: -5.6175138e-06 | H9: -0.00036696733 | I9: -0.0013939435 | J9: 0.22874991 | K9: 0.00014642178 | L9: -0.00054472586 | M9: -0.0014271513 | N9: -0.0018537726 | O9: -0.00037441033 | P9: -9.5999729e-05 | Q9: -0.00038093747 | R9: -0.00010955718 | S9: 0.00012710127 | T9: -0.00055007105 | U9: 0.00068504499 | V9: -6.7666035e-05 | W9: 0.00038000769 | X9: -7.4020545e-05 | Y9: -0.00099234758 | Z9: -0.00071630488 | AA9: 0.00014257304 | AB9: -7.3443682e-05 | AC9: -0.00029166135 | AD9: 0.00019290465 | AE9: -0.0001132176 | AF9: 8.0922426e-05 | AG9: 0.00061298318 | AH9: 0.00019641809 | AI9: -0.00026688485 | AJ9: 0.00050394463 | AK9: -0.0017520967 | AL9: -0.012132987
A10: Ydses_c5_Q2_L1 | B10: -0.015456527 | C10: 0.00015392599 | D10: -1.852132e-05 | E10: 3.0755204e-07 | F10: -3.2209629e-07 | G10: -3.1518507e-06 | H10: -1.5306531e-05 | I10: 0.00015775543 | J10: 0.00014642178 | K10: 0.0025847515 | L10: 0.001513979 | M10: 0.0015656337 | N10: 0.0014685333 | O10: -0.00021847747 | P10: 5.240798e-05 | Q10: -2.1166852e-06 | R10: 1.467573e-05 | S10: -2.7615825e-05 | T10: 0.00032516274 | U10: 0.00016448989 | V10: 0.00012812622 | W10: 5.1012744e-05 | X10: 7.5102047e-05 | Y10: 4.1714866e-05 | Z10: 0.00024111405 | AA10: 0.00010903687 | AB10: 6.9897023e-05 | AC10: 4.8351912e-05 | AD10: -9.0213056e-05 | AE10: 0.00023199438 | AF10: -3.6498937e-05 | AG10: -1.8475101e-05 | AH10: 6.1964234e-05 | AI10: -0.00017988182 | AJ10: 0.00018855088 | AK10: 0.00043575863 | AL10: 0.0011810214
A11: Ydses_c5_Q3_L1 | B11: -0.11603842 | C11: 0.0012514905 | D11: -4.0948841e-05 | E11: 6.282141e-07 | F11: -1.6172073e-06 | G11: -9.2327084e-06 | H11: 9.7044641e-05 | I11: 0.00053083148 | J11: -0.00054472586 | K11: 0.001513979 | L11: 0.0025793824 | M11: 0.0020661273 | N11: 0.0019928658 | O11: -6.3787894e-05 | P11: 1.6273947e-06 | Q11: 0.00018597998 | R11: 6.5609535e-05 | S11: -5.2002626e-05 | T11: 0.00056753836 | U11: 3.2929315e-05 | V11: 9.2500495e-05 | W11: 3.6926477e-05 | X11: 3.5082786e-06 | Y11: -2.9575609e-05 | Z11: 0.00035881531 | AA11: 4.3008553e-05 | AB11: 4.7475844e-05 | AC11: 0.00025612766 | AD11: -5.8992872e-05 | AE11: 0.00013222417 | AF11: -5.0776867e-05 | AG11: -0.00013007172 | AH11: -9.7687324e-05 | AI11: -0.00017376644 | AJ11: 5.2640333e-05 | AK11: 0.0010525183 | AL11: 0.0028666716
A12: Ydses_c5_Q4_L1 | B12: -0.10383679 | C12: 0.0020578423 | D12: -5.7913975e-05 | E12: 6.3047967e-07 | F12: -3.3358112e-06 | G12: -1.681247e-05 | H12: 9.5613154e-05 | I12: 0.00094749739 | J12: -0.0014271513 | K12: 0.0015656337 | L12: 0.0020661273 | M12: 0.0032149707 | N12: 0.0024364605 | O12: 3.0343331e-05 | P12: -9.0521129e-06 | Q12: 0.00036901567 | R12: 7.9465848e-05 | S12: -6.9447778e-05 | T12: 0.00067906435 | U12: 0.00022186943 | V12: 0.00021121108 | W12: 0.00017325042 | X12: 4.403004e-05 | Y12: -2.2169123e-05 | Z12: 0.00096910402 | AA12: 0.00013988506 | AB12: 0.00015554596 | AC12: 0.00021232101 | AD12: 0.00019679203 | AE12: 0.0002051767 | AF12: -4.9021864e-05 | AG12: -0.00034537691 | AH12: -0.00031356054 | AI12: -7.214524e-05 | AJ12: 0.00011089309 | AK12: 0.0030835528 | AL12: 0.004099274
A13: Ydses_c5_Q5_L1 | B13: 0.10042235 | C13: 0.002499824 | D13: -0.00011039133 | E13: 1.4075338e-06 | F13: -1.1716279e-05 | G13: -1.3704425e-05 | H13: -0.00024341368 | I13: 0.001145064 | J13: -0.0018537726 | K13: 0.0014685333 | L13: 0.0019928658 | M13: 0.0024364605 | N13: 0.0029480247 | O13: 0.00012914402 | P13: 2.2060506e-05 | Q13: 0.00039860109 | R13: -0.00024261829 | S13: -4.4905983e-06 | T13: 0.00069211986 | U13: -0.00010119932 | V13: -3.1840167e-05 | W13: -0.00010609391 | X13: -0.00010937906 | Y13: -0.0002358022 | Z13: 0.0001426889 | AA13: -6.7616915e-05 | AB13: -8.7069863e-05 | AC13: -3.3623293e-05 | AD13: -8.0590389e-05 | AE13: 6.8534126e-05 | AF13: 4.588406e-06 | AG13: -9.8140344e-05 | AH13: -0.0001876564 | AI13: -0.00015072068 | AJ13: -6.1731432e-05 | AK13: 0.00072892409 | AL13: 0.00090945056
... A37: Constant | B37: -5.2549662 | C37: 0.0051150678 | D37: -0.0041887917 | E37: 6.0416784e-05 | F37: -5.8295662e-05 | G37: -0.00019155575 | H37: -0.0049979091 | I37: 0.0026945098 | J37: -0.012132987 | K37: 0.0011810214 | L37: 0.0028666716 | M37: 0.004099274 | N37: 0.00090945056 | O37: 4.3470609e-05 | P37: -0.00094907875 | Q37: -0.0032877227 | R37: 0.0020326672 | S37: -0.0099010744 | T37: -0.0009712234 | U37: 0.0015986916 | V37: 0.0020554803 | W37: 0.00083708268 | X37: -0.00035028013 | Y37: -0.00083420668 | Z37: 0.0062611634 | AA37: 0.001164695 | AB37: 0.0008067488 | AC37: 0.0026424959 | AD37: 0.0033377623 | AE37: 7.9155982e-05 | AF37: -0.011160671 | AG37: -0.016642023 | AH37: 0.0017974061 | AI37: 0.00063257042 | AJ37: 0.0019590017 | AK37: 0.017623683 | AL37: 0.84587039

Sheet F1
A1: REGRESSOR | B1: COEFFICIENT | C1: eduSampleFlag | D1: demAge | E1: demAgeSq | F1: healthPhysicalPcsL1 | G1: healthMentalMcsL1 | H1: demPartnerStatusSingle | I1: demPartnerStatusSingleL1 | J1: eduSampleFlag_Single | K1: yHhQuintilesMonthC5Q2L1 | L1: yHhQuintilesMonthC5Q3L1 | M1: yHhQuintilesMonthC5Q4L1 | N1: yHhQuintilesMonthC5Q5L1 | O1: demNChildL1 | P1: demNChild0to2L1 | Q1: eduHighestC4Low | R1: eduHighestC4High | S1: fertilityRate | T1: labStatusC3NotEmployedL1 | U1: demRgnUKC | V1: demRgnUKD | W1: demRgnUKE | X1: demRgnUKF | Y1: demRgnUKG | Z1: demRgnUKH | AA1: demRgnUKJ | AB1: demRgnUKK | AC1: demRgnUKL | AD1: demRgnUKM | AE1: demRgnUKN | AF1: demYearTransformed | AG1: demYear2020 | AH1: demYear2021 | AI1: demEthnC4Asian | AJ1: demEthnC4Black | AK1: demEthnC4Other | AL1: Constant
A2: eduSampleFlag | B2: -0.53200333 | C2: 0.20543781 | D2: -9.1559454e-05 | E2: 1.6039962e-06 | F2: 1.6131928e-05 | G2: 7.7183298e-06 | H2: -6.2329879e-05 | I2: 0.0017474417 | J2: -0.20477625 | K2: 0.00015392599 | L2: 0.0012514905 | M2: 0.0020578423 | N2: 0.002499824 | O2: 0.00035933179 | P2: 1.0113937e-06 | Q2: 0.00049670434 | R2: 0.00029322771 | S2: -0.00011888183 | T2: 0.0010199109 | U2: -0.00076867217 | V2: 9.9843899e-05 | W2: 0.0003352491 | X2: 0.00025420127 | Y2: 0.0011485613 | Z2: 0.00074899313 | AA2: -4.595571e-05 | AB2: 0.00024187106 | AC2: 0.00050489051 | AD2: -0.00015306899 | AE2: 0.00027013316 | AF2: -7.8786168e-05 | AG2: -0.00057531694 | AH2: -0.00029971968 | AI2: -5.6526804e-05 | AJ2: -0.00058324751 | AK2: 0.001276684 | AL2: 0.0051150678
A3: demAge | B3: 0.32365263 | C3: -9.1559454e-05 | D3: 0.00029241702 | E3: -4.3926172e-06 | F3: 9.7499504e-07 | G3: 1.9861379e-06 | H3: 2.6872953e-05 | I3: 6.9160856e-05 | J3: 0.0004244426 | K3: -1.852132e-05 | L3: -4.0948841e-05 | M3: -5.7913975e-05 | N3: -0.00011039133 | O3: -3.8154434e-05 | P3: -7.2795938e-05 | Q3: -3.7356494e-05 | R3: -9.642449e-06 | S3: -9.5251835e-06 | T3: 2.9250763e-05 | U3: 0.00010002735 | V3: 9.7696914e-05 | W3: 0.0001514812 | X3: 0.00015591486 | Y3: 0.00016376817 | Z3: 0.00023104012 | AA3: 0.00015391517 | AB3: 0.00016588269 | AC3: 0.00019472739 | AD3: 0.00014295161 | AE3: 0.0001451473 | AF3: -7.5630229e-06 | AG3: -2.6537146e-05 | AH3: -5.5018859e-05 | AI3: 5.1065744e-06 | AJ3: 1.8028907e-05 | AK3: 0.0002865514 | AL3: -0.0041887917
A4: demAgeSq | B4: -0.005705963 | C4: 1.6039962e-06 | D4: -4.3926172e-06 | E4: 6.7170988e-08 | F4: -7.5019985e-09 | G4: -2.9713337e-08 | H4: -5.1024242e-07 | I4: -6.7240315e-07 | J4: -6.2938531e-06 | K4: 3.0755204e-07 | L4: 6.282141e-07 | M4: 6.3047967e-07 | N4: 1.4075338e-06 | O4: 3.5663546e-07 | P4: 1.3797988e-06 | Q4: 4.2759491e-07 | R4: 1.6803367e-07 | S4: 1.6086959e-07 | T4: -4.9421887e-07 | U4: -1.6460043e-06 | V4: -1.5113752e-06 | W4: -2.2779226e-06 | X4: -2.4279443e-06 | Y4: -2.4522016e-06 | Z4: -3.6698383e-06 | AA4: -2.329387e-06 | AB4: -2.545245e-06 | AC4: -2.9240621e-06 | AD4: -2.3713942e-06 | AE4: -2.2500567e-06 | AF4: 1.2049351e-07 | AG4: 4.0155627e-07 | AH4: 8.6914154e-07 | AI4: -1.3338421e-07 | AJ4: -5.2044631e-07 | AK4: -4.6057223e-06 | AL4: 6.0416784e-05
A5: healthPhysicalPcsL1 | B5: -0.013617803 | C5: 1.6131928e-05 | D5: 9.7499504e-07 | E5: -7.5019985e-09 | F5: 1.6308265e-06 | G5: 1.4519889e-07 | H5: 1.9685421e-05 | I5: -1.8309151e-05 | J5: -1.9337586e-05 | K5: -3.2209629e-07 | L5: -1.6172073e-06 | M5: -3.3358112e-06 | N5: -1.1716279e-05 | O5: -3.4036826e-06 | P5: -5.1477405e-07 | Q5: 6.2981877e-07 | R5: 1.9492088e-06 | S5: -7.6099523e-07 | T5: 8.6450309e-06 | U5: 2.3840961e-06 | V5: 4.8115885e-06 | W5: 3.677443e-06 | X5: 2.427127e-06 | Y5: 3.4114284e-06 | Z5: 1.0082273e-05 | AA5: 2.7490599e-07 | AB5: 3.4694168e-06 | AC5: 4.6442824e-06 | AD5: -1.8014602e-06 | AE5: 1.4908629e-06 | AF5: -5.7593408e-07 | AG5: -3.7426836e-06 | AH5: 1.0272852e-06 | AI5: 1.5691616e-06 | AJ5: 1.5085316e-06 | AK5: 1.7675754e-05 | AL5: -5.8295662e-05
A6: healthMentalMcsL1 | B6: 0.007005085 | C6: 7.7183298e-06 | D6: 1.9861379e-06 | E6: -2.9713337e-08 | F6: 1.4519889e-07 | G6: 1.6146578e-06 | H6: 1.1506166e-05 | I6: -2.0824902e-05 | J6: -5.6175138e-06 | K6: -3.1518507e-06 | L6: -9.2327084e-06 | M6: -1.681247e-05 | N6: -1.3704425e-05 | O6: -2.3292628e-06 | P6: -1.2336918e-07 | Q6: 1.0685483e-06 | R6: -2.4121673e-06 | S6: 1.2243568e-06 | T6: 4.2043462e-06 | U6: -4.2902152e-06 | V6: -4.7004202e-06 | W6: -3.0597445e-06 | X6: -2.4433196e-06 | Y6: -2.3889324e-06 | Z6: -1.3634445e-05 | AA6: -3.7931236e-06 | AB6: -3.684538e-06 | AC6: -7.522956e-06 | AD6: -5.2673926e-06 | AE6: -3.6880854e-06 | AF6: 1.4605479e-06 | AG6: 6.2259686e-06 | AH6: 7.7950723e-06 | AI6: -6.7737045e-07 | AJ6: 1.141006e-06 | AK6: -3.0767736e-05 | AL6: -0.00019155575
A7: demPartnerStatusSingle | B7: -0.72395166 | C7: -6.2329879e-05 | D7: 2.6872953e-05 | E7: -5.1024242e-07 | F7: 1.9685421e-05 | G7: 1.1506166e-05 | H7: 0.006849405 | I7: -0.0061399448 | J7: -0.00036696733 | K7: -1.5306531e-05 | L7: 9.7044641e-05 | M7: 9.5613154e-05 | N7: -0.00024341368 | O7: 0.00010765677 | P7: -0.00014225538 | Q7: 0.00013685166 | R7: 0.00051378673 | S7: 4.0060672e-05 | T7: 0.00010029413 | U7: -0.00010528942 | V7: 6.1315622e-05 | W7: 5.3322173e-05 | X7: 1.0231737e-06 | Y7: -0.00010488323 | Z7: 0.00051918325 | AA7: -0.00037212874 | AB7: -1.7790452e-06 | AC7: 7.732347e-05 | AD7: -0.00075539576 | AE7: -0.00013285986 | AF7: 2.6982426e-05 | AG7: -1.6929237e-05 | AH7: 0.00014916552 | AI7: -7.8964015e-05 | AJ7: -0.00031903732 | AK7: 0.00038975017 | AL7: -0.0049979091
A8: demPartnerStatusSingleL1 | B8: 0.11626849 | C8: 0.0017474417 | D8: 6.9160856e-05 | E8: -6.7240315e-07 | F8: -1.8309151e-05 | G8: -2.0824902e-05 | H8: -0.0061399448 | I8: 0.0070865603 | J8: -0.0013939435 | K8: 0.00015775543 | L8: 0.00053083148 | M8: 0.00094749739 | N8: 0.001145064 | O8: 0.00011569641 | P8: 0.00020508342 | Q8: 0.00012656463 | R8: -0.00032397927 | S8: -5.3409189e-05 | T8: -2.8388705e-06 | U8: 9.6250531e-05 | V8: 2.7722529e-05 | W8: 9.3460319e-05 | X8: 2.5625851e-05 | Y8: 0.0001202378 | Z8: 0.00020126442 | AA8: 0.0004381276 | AB8: 0.00015704121 | AC8: 0.0002148379 | AD8: 0.00071916468 | AE8: 7.7924202e-05 | AF8: -2.4816778e-05 | AG8: -0.00032987205 | AH8: -0.0004490056 | AI8: 7.0945309e-05 | AJ8: -0.00024893663 | AK8: 0.001756115 | AL8: 0.0026945098
A9: eduSampleFlag_Single | B9: -0.33554019 | C9: -0.20477625 | D9: 0.0004244426 | E9: -6.2938531e-06 | F9: -1.9337586e-05 | G9: -5.6175138e-06 | H9: -0.00036696733 | I9: -0.0013939435 | J9: 0.22874991 | K9: 0.00014642178 | L9: -0.00054472586 | M9: -0.0014271513 | N9: -0.0018537726 | O9: -0.00037441033 | P9: -9.5999729e-05 | Q9: -0.00038093747 | R9: -0.00010955718 | S9: 0.00012710127 | T9: -0.00055007105 | U9: 0.00068504499 | V9: -6.7666035e-05 | W9: 0.00038000769 | X9: -7.4020545e-05 | Y9: -0.00099234758 | Z9: -0.00071630488 | AA9: 0.00014257304 | AB9: -7.3443682e-05 | AC9: -0.00029166135 | AD9: 0.00019290466 | AE9: -0.0001132176 | AF9: 8.0922426e-05 | AG9: 0.00061298318 | AH9: 0.00019641809 | AI9: -0.00026688485 | AJ9: 0.00050394463 | AK9: -0.0017520967 | AL9: -0.012132987
A10: yHhQuintilesMonthC5Q2L1 | B10: -0.015456527 | C10: 0.00015392599 | D10: -1.852132e-05 | E10: 3.0755204e-07 | F10: -3.2209629e-07 | G10: -3.1518507e-06 | H10: -1.5306531e-05 | I10: 0.00015775543 | J10: 0.00014642178 | K10: 0.0025847515 | L10: 0.001513979 | M10: 0.0015656337 | N10: 0.0014685333 | O10: -0.00021847747 | P10: 5.240798e-05 | Q10: -2.1166852e-06 | R10: 1.467573e-05 | S10: -2.7615825e-05 | T10: 0.00032516274 | U10: 0.00016448989 | V10: 0.00012812622 | W10: 5.1012744e-05 | X10: 7.5102047e-05 | Y10: 4.1714866e-05 | Z10: 0.00024111405 | AA10: 0.00010903687 | AB10: 6.9897023e-05 | AC10: 4.8351912e-05 | AD10: -9.0213056e-05 | AE10: 0.00023199438 | AF10: -3.6498937e-05 | AG10: -1.8475101e-05 | AH10: 6.1964234e-05 | AI10: -0.00017988182 | AJ10: 0.00018855088 | AK10: 0.00043575863 | AL10: 0.0011810214
A11: yHhQuintilesMonthC5Q3L1 | B11: -0.11603842 | C11: 0.0012514905 | D11: -4.0948841e-05 | E11: 6.282141e-07 | F11: -1.6172073e-06 | G11: -9.2327084e-06 | H11: 9.7044641e-05 | I11: 0.00053083148 | J11: -0.00054472586 | K11: 0.001513979 | L11: 0.0025793824 | M11: 0.0020661273 | N11: 0.0019928658 | O11: -6.3787894e-05 | P11: 1.6273947e-06 | Q11: 0.00018597998 | R11: 6.5609535e-05 | S11: -5.2002626e-05 | T11: 0.00056753836 | U11: 3.2929315e-05 | V11: 9.2500495e-05 | W11: 3.6926477e-05 | X11: 3.5082786e-06 | Y11: -2.9575609e-05 | Z11: 0.00035881531 | AA11: 4.3008553e-05 | AB11: 4.7475844e-05 | AC11: 0.00025612766 | AD11: -5.8992872e-05 | AE11: 0.00013222417 | AF11: -5.0776867e-05 | AG11: -0.00013007172 | AH11: -9.7687324e-05 | AI11: -0.00017376644 | AJ11: 5.2640333e-05 | AK11: 0.0010525183 | AL11: 0.0028666716
A12: yHhQuintilesMonthC5Q4L1 | B12: -0.10383679 | C12: 0.0020578423 | D12: -5.7913975e-05 | E12: 6.3047967e-07 | F12: -3.3358112e-06 | G12: -1.681247e-05 | H12: 9.5613154e-05 | I12: 0.00094749739 | J12: -0.0014271513 | K12: 0.0015656337 | L12: 0.0020661273 | M12: 0.0032149707 | N12: 0.0024364605 | O12: 3.0343331e-05 | P12: -9.0521129e-06 | Q12: 0.00036901567 | R12: 7.9465848e-05 | S12: -6.9447778e-05 | T12: 0.00067906435 | U12: 0.00022186943 | V12: 0.00021121108 | W12: 0.00017325042 | X12: 4.403004e-05 | Y12: -2.2169123e-05 | Z12: 0.00096910402 | AA12: 0.00013988506 | AB12: 0.00015554596 | AC12: 0.00021232101 | AD12: 0.00019679203 | AE12: 0.0002051767 | AF12: -4.9021864e-05 | AG12: -0.00034537691 | AH12: -0.00031356054 | AI12: -7.214524e-05 | AJ12: 0.00011089309 | AK12: 0.0030835528 | AL12: 0.004099274
A13: yHhQuintilesMonthC5Q5L1 | B13: 0.10042235 | C13: 0.002499824 | D13: -0.00011039133 | E13: 1.4075338e-06 | F13: -1.1716279e-05 | G13: -1.3704425e-05 | H13: -0.00024341368 | I13: 0.001145064 | J13: -0.0018537726 | K13: 0.0014685333 | L13: 0.0019928658 | M13: 0.0024364605 | N13: 0.0029480247 | O13: 0.00012914402 | P13: 2.2060506e-05 | Q13: 0.00039860109 | R13: -0.00024261829 | S13: -4.4905983e-06 | T13: 0.00069211986 | U13: -0.00010119932 | V13: -3.1840167e-05 | W13: -0.00010609391 | X13: -0.00010937906 | Y13: -0.0002358022 | Z13: 0.0001426889 | AA13: -6.7616915e-05 | AB13: -8.7069863e-05 | AC13: -3.3623293e-05 | AD13: -8.0590389e-05 | AE13: 6.8534126e-05 | AF13: 4.588406e-06 | AG13: -9.8140344e-05 | AH13: -0.0001876564 | AI13: -0.00015072068 | AJ13: -6.1731432e-05 | AK13: 0.00072892409 | AL13: 0.00090945056
... A37: Constant | B37: -5.2549662 | C37: 0.0051150678 | D37: -0.0041887917 | E37: 6.0416784e-05 | F37: -5.8295662e-05 | G37: -0.00019155575 | H37: -0.0049979091 | I37: 0.0026945098 | J37: -0.012132987 | K37: 0.0011810214 | L37: 0.0028666716 | M37: 0.004099274 | N37: 0.00090945056 | O37: 4.3470609e-05 | P37: -0.00094907875 | Q37: -0.0032877227 | R37: 0.0020326672 | S37: -0.0099010744 | T37: -0.0009712234 | U37: 0.0015986916 | V37: 0.0020554803 | W37: 0.00083708268 | X37: -0.00035028013 | Y37: -0.00083420668 | Z37: 0.0062611634 | AA37: 0.001164695 | AB37: 0.0008067488 | AC37: 0.0026424959 | AD37: 0.0033377623 | AE37: 7.9155982e-05 | AF37: -0.011160671 | AG37: -0.016642023 | AH37: 0.0017974061 | AI37: 0.00063257042 | AJ37: 0.0019590017 | AK37: 0.017623683 | AL37: 0.84587039
