Workbook

Sheet HO1_comp
A1: ='HO1'!A1 -> REGRESSOR | B1: ='HO1'!B1 -> COEFFICIENT | D1: =HO1_orig!A1 -> REGRESSOR | E1: =HO1_orig!B1 -> COEFFICIENT | G1: comp
A2: ='HO1'!A2 -> demMaleFlag | B2: ='HO1'!B2 -> -0.0028496658 | D2: =HO1_orig!A2 -> Dgn | E2: =HO1_orig!B2 -> -0.0028496658 | G2: =B2-E2 -> -1.0364973e-16
A3: ='HO1'!A3 -> demAge | B3: ='HO1'!B3 -> 0.00050998342 | D3: =HO1_orig!A3 -> Dag | E3: =HO1_orig!B3 -> 0.00050998342 | G3: =B3-E3 -> 1.1785278e-16
A4: ='HO1'!A4 -> demAgeSq | B4: ='HO1'!B4 -> 3.0993893e-05 | D4: =HO1_orig!A4 -> Dag_sq | E4: =HO1_orig!B4 -> 3.0993893e-05 | G4: =B4-E4 -> -1.0638734e-18
A5: ='HO1'!A5 -> demCompHhC82L1 | B5: ='HO1'!B5 -> -0.18117424 | D5: =HO1_orig!A5 -> Dhhtp_c8_2_L1 | E5: =HO1_orig!B5 -> -0.18117424 | G5: =B5-E5 -> 2.7755576e-16
A6: ='HO1'!A6 -> demCompHhC83L1 | B6: ='HO1'!B6 -> -0.033338916 | D6: =HO1_orig!A6 -> Dhhtp_c8_3_L1 | E6: =HO1_orig!B6 -> -0.033338916 | G6: =B6-E6 -> 0
A7: ='HO1'!A7 -> demCompHhC84L1 | B7: ='HO1'!B7 -> 0.01241436 | D7: =HO1_orig!A7 -> Dhhtp_c8_4_L1 | E7: =HO1_orig!B7 -> 0.01241436 | G7: =B7-E7 -> -1.4224733e-16
A8: ='HO1'!A8 -> demCompHhC85L1 | B8: ='HO1'!B8 -> -0.22642727 | D8: =HO1_orig!A8 -> Dhhtp_c8_5_L1 | E8: =HO1_orig!B8 -> -0.22642727 | G8: =B8-E8 -> 0
A9: ='HO1'!A9 -> demCompHhC86L1 | B9: ='HO1'!B9 -> -0.16850602 | D9: =HO1_orig!A9 -> Dhhtp_c8_6_L1 | E9: =HO1_orig!B9 -> -0.16850602 | G9: =B9-E9 -> 0
A10: ='HO1'!A10 -> demCompHhC87L1 | B10: ='HO1'!B10 -> -0.23309015 | D10: =HO1_orig!A10 -> Dhhtp_c8_7_L1 | E10: =HO1_orig!B10 -> -0.23309015 | G10: =B10-E10 -> 0
A11: ='HO1'!A11 -> demCompHhC88L1 | B11: ='HO1'!B11 -> -0.30553247 | D11: =HO1_orig!A11 -> Dhhtp_c8_8_L1 | E11: =HO1_orig!B11 -> -0.30553247 | G11: =B11-E11 -> -4.9960036e-16
A12: ='HO1'!A12 -> labStatusC4StudentL1 | B12: ='HO1'!B12 -> 0.16220851 | D12: =HO1_orig!A12 -> Les_c4_Student_L1 | E12: =HO1_orig!B12 -> 0.16220851 | G12: =B12-E12 -> 3.3306691e-16
A13: ='HO1'!A13 -> labStatusC4NotEmployedL1 | B13: ='HO1'!B13 -> -0.023786832 | D13: =HO1_orig!A13 -> Les_c4_NotEmployed_L1 | E13: =HO1_orig!B13 -> -0.023786832 | G13: =B13-E13 -> -1.5612511e-16
... A43: ='HO1'!A43 -> Constant | B43: ='HO1'!B43 -> -2.6415002 | D43: =HO1_orig!A43 -> Constant | E43: =HO1_orig!B43 -> -2.6415002 | G43: =B43-E43 -> -3.9968029e-15

Sheet Info
A1: Description: | B1: Model parameters governing projection of home ownership
A2: Authors: | B2: Patryk Bronka, Justin van de Ven, Daria Popova, Aleksandra Kolndrekaj, Ashley Burdett
A3: Last edit: 15 April 2026 (DP)
A5: Process: | B5: Description:
A6: HO1 | B6: Prob. of being a home owner
A10: Notes: | B10: Estimation sample: UK_ipop.dta with grossing up weight dwt
B11: Conditions for processes are defined as globals in master.do
B12: Re-estimated process at benefit unit level to be consistent with SimPaths

Sheet Gof
A1: Goodness of fit
A3: HO1 - Own home
A4: Pseudo R-squared | B4: 0.83992118 | E4: Chi^2 | F4: 47316.642
A5: N | B5: 213401 | E5: Log likelihood | F5: -16535415

Sheet HO1_orig
A1: REGRESSOR | B1: COEFFICIENT | C1: Dgn | D1: Dag | E1: Dag_sq | F1: Dhhtp_c8_2_L1 | G1: Dhhtp_c8_3_L1 | H1: Dhhtp_c8_4_L1 | I1: Dhhtp_c8_5_L1 | J1: Dhhtp_c8_6_L1 | K1: Dhhtp_c8_7_L1 | L1: Dhhtp_c8_8_L1 | M1: Les_c4_Student_L1 | N1: Les_c4_NotEmployed_L1 | O1: Les_c4_Retired_L1 | P1: Deh_c4_Medium | Q1: Deh_c4_Low | R1: Deh_c4_Na | S1: Dhe_mcs_L1 | T1: Dhe_pcs_L1 | U1: Ydses_c5_Q2_L1 | V1: Ydses_c5_Q3_L1 | W1: Ydses_c5_Q4_L1 | X1: Ydses_c5_Q5_L1 | Y1: Yptciihs_dv_L1 | Z1: Dhh_owned_L1 | AA1: demRgnUKC | AB1: demRgnUKD | AC1: demRgnUKE | AD1: demRgnUKF | AE1: demRgnUKG | AF1: demRgnUKH | AG1: demRgnUKJ | AH1: demRgnUKK | AI1: demRgnUKL | AJ1: demRgnUKM | AK1: demRgnUKN | AL1: Year_transformed | AM1: Y2020 | AN1: Y2021 | AO1: demEthnC4Asian | AP1: demEthnC4Black | AQ1: demEthnC4Other | AR1: Constant
A2: Dgn | B2: -0.0028496658 | C2: 0.00027999835 | D2: 1.3782282e-06 | E2: -5.2783985e-09 | F2: 4.3829754e-05 | G2: -3.0047063e-05 | H2: -1.9110215e-05 | I2: -6.2288858e-05 | J2: -4.1743774e-05 | K2: 5.7119741e-05 | L2: 0.00014079346 | M2: -2.1015395e-05 | N2: -5.6043361e-05 | O2: -3.6913905e-05 | P2: -2.5296856e-05 | Q2: -2.4638574e-05 | R2: -2.3444388e-05 | S2: -2.1110752e-06 | T2: -5.2859634e-07 | U2: -4.1802062e-05 | V2: -4.2268469e-05 | W2: -5.0666232e-05 | X2: -6.7680689e-05 | Y2: 1.9172472e-06 | Z2: 4.9133749e-06 | AA2: 1.4586779e-05 | AB2: 4.8348326e-05 | AC2: 4.1662813e-06 | AD2: 1.745287e-05 | AE2: 6.6743433e-06 | AF2: -9.2457803e-07 | AG2: 1.4919103e-05 | AH2: 1.3612597e-05 | AI2: 5.8301134e-05 | AJ2: 5.043496e-05 | AK2: 1.431685e-05 | AL2: 6.9577426e-07 | AM2: 2.3552595e-06 | AN2: -4.6263798e-06 | AO2: -1.5382764e-05 | AP2: 8.8093084e-05 | AQ2: -3.2565651e-05 | AR2: -6.9261251e-05
A3: Dag | B3: 0.00050998342 | C3: 1.3782282e-06 | D3: 5.9666243e-06 | E3: -5.70155e-08 | F3: 1.4283733e-05 | G3: 2.18526e-06 | H3: -5.0654466e-08 | I3: 3.1863563e-06 | J3: -4.9463364e-06 | K3: 7.8714309e-06 | L3: 4.5199294e-07 | M3: 3.1221001e-05 | N3: -4.8451324e-06 | O3: 8.385679e-06 | P3: 7.6794346e-07 | Q3: 2.0142446e-06 | R3: -2.3064224e-07 | S3: 8.1297444e-08 | T3: 1.5294151e-07 | U3: 9.1431235e-08 | V3: -4.1640706e-06 | W3: -1.14217e-05 | X3: -1.4565289e-05 | Y3: -4.0173527e-07 | Z3: 1.6528686e-06 | AA3: 1.1045635e-06 | AB3: 1.9078451e-06 | AC3: -1.5330894e-06 | AD3: 1.6505895e-06 | AE3: -1.7110537e-06 | AF3: -7.9883507e-08 | AG3: -7.884486e-07 | AH3: 2.2295222e-06 | AI3: 3.5810227e-07 | AJ3: -2.3689269e-06 | AK3: 1.3747388e-06 | AL3: -1.2111371e-07 | AM3: -1.451076e-06 | AN3: -4.1721003e-06 | AO3: 4.3760363e-06 | AP3: -1.2946571e-06 | AQ3: 2.9664197e-06 | AR3: -0.00014875876
A4: Dag_sq | B4: 3.0993893e-05 | C4: -5.2783985e-09 | D4: -5.70155e-08 | E4: 5.9600343e-10 | F4: -1.0744224e-07 | G4: -3.4322673e-08 | H4: 2.7106495e-08 | I4: 8.0513292e-09 | J4: 7.0411546e-08 | K4: -6.9200347e-08 | L4: 2.5994095e-08 | M4: -1.9242185e-07 | N4: 8.3548624e-08 | O4: -1.7869038e-07 | P4: -1.2708941e-08 | Q4: -6.2086123e-08 | R4: -2.2778854e-09 | S4: -1.4676986e-09 | T4: -3.0239205e-10 | U4: 1.8363534e-08 | V4: 7.5860138e-08 | W4: 1.2814808e-07 | X4: 1.4559625e-07 | Y4: -1.834844e-09 | Z4: -3.1040479e-08 | AA4: -5.1573875e-09 | AB4: -2.1319696e-08 | AC4: 2.052297e-08 | AD4: -1.1631963e-08 | AE4: 3.1711804e-08 | AF4: 3.7141903e-09 | AG4: 4.3192796e-09 | AH4: -2.6741717e-08 | AI4: -2.2986568e-09 | AJ4: 2.0044813e-08 | AK4: -1.1317478e-08 | AL4: -2.9702377e-11 | AM4: 1.2819615e-08 | AN4: 3.7193788e-08 | AO4: -3.1435678e-08 | AP4: -4.4613306e-09 | AQ4: -1.9718865e-08 | AR4: 1.2858923e-06
A5: Dhhtp_c8_2_L1 | B5: -0.18117424 | C5: 4.3829754e-05 | D5: 1.4283733e-05 | E5: -1.0744224e-07 | F5: 0.023575674 | G5: 0.00089258199 | H5: 0.00085818405 | I5: 0.00097166672 | J5: 0.00094351454 | K5: 0.00092851519 | L5: 0.00095200092 | M5: -0.00024001513 | N5: -6.4290986e-05 | O5: -7.244838e-05 | P5: 0.00019733155 | Q5: 0.00017611941 | R5: 0.00034406786 | S5: 2.5130255e-06 | T5: -1.8289953e-06 | U5: -0.00013568253 | V5: -0.00011065871 | W5: -5.5988896e-05 | X5: 0.00028316272 | Y5: 3.8247656e-06 | Z5: 7.7175228e-05 | AA5: -2.0948567e-05 | AB5: 7.4816698e-05 | AC5: 7.9931595e-05 | AD5: 0.0001348005 | AE5: 0.00015314338 | AF5: 5.7110204e-05 | AG5: 8.7040917e-05 | AH5: 0.00010997163 | AI5: 8.9633307e-05 | AJ5: 2.0457253e-05 | AK5: 0.00012952534 | AL5: 2.4544948e-06 | AM5: 3.8627979e-05 | AN5: -5.2194278e-06 | AO5: 0.00010029162 | AP5: 0.00016719961 | AQ5: 0.00039851319 | AR5: -0.0016420705
A6: Dhhtp_c8_3_L1 | B6: -0.033338916 | C6: -3.0047063e-05 | D6: 2.18526e-06 | E6: -3.4322673e-08 | F6: 0.00089258199 | G6: 0.001319808 | H6: 0.00075976311 | I6: 0.00087727132 | J6: 0.00087949588 | K6: 0.000934657 | L6: 0.00090252989 | M6: -4.2371897e-05 | N6: -4.9657353e-05 | O6: -4.8942204e-05 | P6: 2.5948394e-05 | Q6: 3.6032989e-05 | R6: 7.7544271e-05 | S6: -6.6348125e-07 | T6: -9.2089539e-07 | U6: -2.6616281e-05 | V6: 3.3974873e-05 | W6: 0.0001574799 | X6: 0.00037065697 | Y6: -7.8086965e-06 | Z6: -3.9563504e-05 | AA6: 2.1099303e-05 | AB6: 5.8517165e-05 | AC6: 6.1187453e-05 | AD6: 6.5405407e-05 | AE6: -2.4563142e-05 | AF6: 4.3059488e-05 | AG6: 6.2684186e-05 | AH6: 5.2049254e-05 | AI6: 7.8461982e-05 | AJ6: -1.1715213e-05 | AK6: 3.7137574e-05 | AL6: -2.5129145e-06 | AM6: 1.5017072e-05 | AN6: 1.8928164e-05 | AO6: 6.189564e-05 | AP6: 7.8146815e-05 | AQ6: -1.7705124e-05 | AR6: -0.00085379952
A7: Dhhtp_c8_4_L1 | B7: 0.01241436 | C7: -1.9110215e-05 | D7: -5.0654466e-08 | E7: 2.7106495e-08 | F7: 0.00085818405 | G7: 0.00075976311 | H7: 0.0016770422 | I7: 0.00078821475 | J7: 0.00082766251 | K7: 0.00076439105 | L7: 0.00077525916 | M7: 9.4830054e-05 | N7: 4.0645166e-05 | O7: -4.8580811e-05 | P7: -4.6168277e-06 | Q7: 1.8229716e-05 | R7: 2.8842977e-05 | S7: -1.3200867e-06 | T7: 5.0390719e-07 | U7: -4.4419594e-05 | V7: -3.9700452e-05 | W7: -2.4618418e-06 | X7: 0.00021564468 | Y7: 1.1453378e-05 | Z7: -5.155308e-05 | AA7: -3.0852491e-05 | AB7: -7.1957526e-06 | AC7: 1.1450031e-05 | AD7: 1.4892552e-05 | AE7: 7.7127985e-06 | AF7: -2.2166076e-06 | AG7: 8.2950318e-06 | AH7: 1.7039703e-05 | AI7: 7.3917317e-05 | AJ7: -5.295693e-05 | AK7: 8.9075733e-06 | AL7: 5.3365882e-06 | AM7: -3.2755925e-06 | AN7: -2.3311382e-05 | AO7: -7.9006281e-05 | AP7: 0.00048721442 | AQ7: -2.1844162e-05 | AR7: -0.00089514178
A8: Dhhtp_c8_5_L1 | B8: -0.22642727 | C8: -6.2288858e-05 | D8: 3.1863563e-06 | E8: 8.0513292e-09 | F8: 0.00097166672 | G8: 0.00087727132 | H8: 0.00078821475 | I8: 0.023989218 | J8: 0.00098388636 | K8: 0.00088289538 | L8: 0.00096970569 | M8: 0.00019825387 | N8: 0.00014575624 | O8: 3.0273762e-05 | P8: 0.00010510891 | Q8: 0.0001170114 | R8: 0.00019329162 | S8: 1.4953105e-06 | T8: 5.3943888e-07 | U8: -6.0305338e-05 | V8: 3.037524e-05 | W8: 0.00025648665 | X8: 0.00055756888 | Y8: 5.3347214e-06 | Z8: -2.106927e-05 | AA8: -3.8454813e-05 | AB8: -1.71636e-05 | AC8: 9.8732372e-05 | AD8: 0.00019982729 | AE8: -1.7878381e-05 | AF8: 3.4066533e-05 | AG8: 2.9277263e-05 | AH8: 7.0805308e-05 | AI8: 3.4602105e-05 | AJ8: -4.7534916e-05 | AK8: 5.601104e-05 | AL8: 6.0198201e-07 | AM8: -2.4857347e-05 | AN8: 1.6333941e-05 | AO8: -4.2336294e-05 | AP8: -0.00031563404 | AQ8: 9.3065147e-05 | AR8: -0.0013819365
A9: Dhhtp_c8_6_L1 | B9: -0.16850602 | C9: -4.1743774e-05 | D9: -4.9463364e-06 | E9: 7.0411546e-08 | F9: 0.00094351454 | G9: 0.00087949588 | H9: 0.00082766251 | I9: 0.00098388636 | J9: 0.0019820991 | K9: 0.0008808367 | L9: 0.00096664489 | M9: 0.0001730632 | N9: 9.8447466e-05 | O9: 7.5955954e-05 | P9: 3.0591209e-05 | Q9: 3.1416036e-05 | R9: 9.9815568e-05 | S9: -1.133205e-06 | T9: -6.331806e-07 | U9: -2.5999557e-05 | V9: 6.3707856e-05 | W9: 0.00029381187 | X9: 0.00053990245 | Y9: 2.8737525e-06 | Z9: -2.9279214e-05 | AA9: 2.8316878e-05 | AB9: -2.4321334e-05 | AC9: 8.7419944e-05 | AD9: 8.5762331e-05 | AE9: 4.6440425e-05 | AF9: 7.8426302e-05 | AG9: 6.6898237e-05 | AH9: 9.3364766e-05 | AI9: 8.0771753e-05 | AJ9: 4.7496737e-06 | AK9: 4.4931156e-05 | AL9: -2.1481505e-06 | AM9: 4.9999388e-05 | AN9: 3.2302692e-05 | AO9: -0.00014020464 | AP9: 4.9981873e-05 | AQ9: -1.9265201e-05 | AR9: -0.00092442852
A10: Dhhtp_c8_7_L1 | B10: -0.23309015 | C10: 5.7119741e-05 | D10: 7.8714309e-06 | E10: -6.9200347e-08 | F10: 0.00092851519 | G10: 0.000934657 | H10: 0.00076439105 | I10: 0.00088289538 | J10: 0.0008808367 | K10: 0.0010542289 | L10: 0.00096731272 | M10: -3.9133338e-05 | N10: -4.8176425e-05 | O10: -6.6779039e-05 | P10: 2.4550854e-05 | Q10: 4.2911079e-05 | R10: 5.4183267e-05 | S10: 6.5177634e-07 | T10: 7.1070514e-08 | U10: 4.0904891e-06 | V10: 4.7744001e-05 | W10: 0.00016013198 | X10: 0.00034642342 | Y10: -4.8224623e-07 | Z10: -3.4067901e-05 | AA10: 5.4067774e-05 | AB10: 7.6244205e-05 | AC10: 0.00010751582 | AD10: 9.6352853e-05 | AE10: 6.1545519e-05 | AF10: 7.5388672e-05 | AG10: 7.6855e-05 | AH10: 8.7393878e-05 | AI10: 0.00012436222 | AJ10: 2.3603332e-05 | AK10: 4.8177858e-05 | AL10: 1.4487327e-06 | AM10: -4.5809783e-06 | AN10: 3.1529328e-06 | AO10: 5.1034848e-05 | AP10: 2.6819046e-05 | AQ10: -3.3611663e-05 | AR10: -0.001325718
A11: Dhhtp_c8_8_L1 | B11: -0.30553247 | C11: 0.00014079346 | D11: 4.5199294e-07 | E11: 2.5994095e-08 | F11: 0.00095200092 | G11: 0.00090252989 | H11: 0.00077525916 | I11: 0.00096970569 | J11: 0.00096664489 | K11: 0.00096731272 | L11: 0.0019971725 | M11: 0.00010595275 | N11: 9.4865933e-06 | O11: 8.9400995e-05 | P11: -1.3276604e-05 | Q11: 7.4329532e-06 | R11: 0.0001360718 | S11: -2.3101791e-07 | T11: 1.7873615e-09 | U11: -1.3307784e-05 | V11: 0.0001794114 | W11: 0.00031256188 | X11: 0.00053061407 | Y11: -1.5698585e-05 | Z11: 9.4514353e-06 | AA11: 2.8939937e-05 | AB11: 3.6558441e-05 | AC11: 5.2709697e-05 | AD11: 0.00011795259 | AE11: 1.3167178e-07 | AF11: 0.00010383664 | AG11: 5.4381361e-05 | AH11: 5.720855e-05 | AI11: 8.0325162e-05 | AJ11: -1.3812228e-05 | AK11: 1.2930379e-05 | AL11: 3.6238143e-06 | AM11: 2.688946e-05 | AN11: 1.6892956e-05 | AO11: -6.323511e-05 | AP11: -0.00012291969 | AQ11: -0.0001089372 | AR11: -0.0013669346
A12: Les_c4_Student_L1 | B12: 0.16220851 | C12: -2.1015395e-05 | D12: 3.1221001e-05 | E12: -1.9242185e-07 | F12: -0.00024001513 | G12: -4.2371897e-05 | H12: 9.4830054e-05 | I12: 0.00019825387 | J12: 0.0001730632 | K12: -3.9133338e-05 | L12: 0.00010595275 | M12: 0.0042349405 | N12: 0.0011525241 | O12: 0.00074301704 | P12: 5.2999144e-05 | Q12: 8.1600317e-05 | R12: -0.0027479996 | S12: -4.8698239e-07 | T12: 7.6559243e-07 | U12: 0.00073880584 | V12: 0.0012232715 | W12: 0.0012445408 | X12: 0.0012435845 | Y12: -7.7535589e-05 | Z12: -0.00011270405 | AA12: -4.5786825e-05 | AB12: -7.530934e-05 | AC12: -2.1817353e-05 | AD12: -2.2707778e-05 | AE12: -1.5651849e-05 | AF12: -5.1192622e-05 | AG12: -6.4028011e-05 | AH12: -5.1584735e-05 | AI12: -6.5751064e-05 | AJ12: -0.00012834369 | AK12: -8.5507286e-06 | AL12: -3.0699328e-06 | AM12: -1.0022661e-05 | AN12: 4.3089917e-05 | AO12: -0.00010603247 | AP12: -0.00017162079 | AQ12: 1.1566786e-05 | AR12: -0.0021289785
A13: Les_c4_NotEmployed_L1 | B13: -0.023786832 | C13: -5.6043361e-05 | D13: -4.8451324e-06 | E13: 8.3548624e-08 | F13: -6.4290986e-05 | G13: -4.9657353e-05 | H13: 4.0645166e-05 | I13: 0.00014575624 | J13: 9.8447466e-05 | K13: -4.8176425e-05 | L13: 9.4865933e-06 | M13: 0.0011525241 | N13: 0.0015410156 | O13: 0.00084420989 | P13: 3.5294004e-05 | Q13: 3.6156786e-05 | R13: 7.1267338e-06 | S13: 2.52718e-06 | T13: 3.1652204e-06 | U13: 0.00068206399 | V13: 0.0011391809 | W13: 0.00121132 | X13: 0.0012343293 | Y13: -7.2422525e-05 | Z13: -1.5189057e-05 | AA13: -2.38139e-05 | AB13: -6.7511641e-05 | AC13: 2.4144082e-05 | AD13: -6.8561985e-06 | AE13: 5.082966e-05 | AF13: -3.0389947e-05 | AG13: 3.3971704e-06 | AH13: 1.3344986e-05 | AI13: -3.5526186e-05 | AJ13: -4.213129e-05 | AK13: -3.9329465e-05 | AL13: -2.8486467e-06 | AM13: -8.978277e-06 | AN13: 2.8764268e-05 | AO13: -5.4573578e-05 | AP13: -7.8984974e-05 | AQ13: 0.00011508895 | AR13: -0.001361845
... A43: Constant | B43: -2.6415002 | C43: -6.9261251e-05 | D43: -0.00014875876 | E43: 1.2858923e-06 | F43: -0.0016420705 | G43: -0.00085379952 | H43: -0.00089514178 | I43: -0.0013819365 | J43: -0.00092442852 | K43: -0.001325718 | L43: -0.0013669346 | M43: -0.0021289785 | N43: -0.001361845 | O43: -0.00093452285 | P43: -0.00041412722 | Q43: -0.00056085187 | R43: -0.00028553704 | S43: -3.558623e-05 | T43: -3.6233586e-05 | U43: -0.0010013013 | V43: -0.0011898008 | W43: -0.0013060491 | X43: -0.001546989 | Y43: 9.6391757e-05 | Z43: -6.2468857e-05 | AA43: -0.00097135407 | AB43: -0.0010810132 | AC43: -0.00095530971 | AD43: -0.00094956294 | AE43: -0.0011091363 | AF43: -0.00087158635 | AG43: -0.00090903363 | AH43: -0.0010129734 | AI43: -0.0009917793 | AJ43: -0.00072346021 | AK43: -0.00097377242 | AL43: -9.4484547e-05 | AM43: 0.00039423425 | AN43: 0.00040090223 | AO43: -0.0010999821 | AP43: -0.00049472178 | AQ43: -0.00039015444 | AR43: 0.012569363

Sheet HO1
A1: REGRESSOR | B1: COEFFICIENT | C1: demMaleFlag | D1: demAge | E1: demAgeSq | F1: demCompHhC82L1 | G1: demCompHhC83L1 | H1: demCompHhC84L1 | I1: demCompHhC85L1 | J1: demCompHhC86L1 | K1: demCompHhC87L1 | L1: demCompHhC88L1 | M1: labStatusC4StudentL1 | N1: labStatusC4NotEmployedL1 | O1: labStatusC4RetiredL1 | P1: eduHighestC4Medium | Q1: eduHighestC4Low | R1: eduHighestC4Na | S1: healthPhysicalPcsL1 | T1: healthMentalMcsL1 | U1: yHhQuintilesMonthC5Q2L1 | V1: yHhQuintilesMonthC5Q3L1 | W1: yHhQuintilesMonthC5Q4L1 | X1: yHhQuintilesMonthC5Q5L1 | Y1: yMiscPersGrossMonthL1 | Z1: wealthPrptyFlagL1 | AA1: demRgnUKC | AB1: demRgnUKD | AC1: demRgnUKE | AD1: demRgnUKF | AE1: demRgnUKG | AF1: demRgnUKH | AG1: demRgnUKJ | AH1: demRgnUKK | AI1: demRgnUKL | AJ1: demRgnUKM | AK1: demRgnUKN | AL1: demYearTransformed | AM1: demYear2020 | AN1: demYear2021 | AO1: demEthnC4Asian | AP1: demEthnC4Black | AQ1: demEthnC4Other | AR1: Constant
A2: demMaleFlag | B2: -0.0028496658 | C2: 0.00027999835 | D2: 1.3782282e-06 | E2: -5.2783985e-09 | F2: 4.3829754e-05 | G2: -3.0047063e-05 | H2: -1.9110215e-05 | I2: -6.2288858e-05 | J2: -4.1743774e-05 | K2: 5.7119741e-05 | L2: 0.00014079346 | M2: -2.1015395e-05 | N2: -5.6043361e-05 | O2: -3.6913905e-05 | P2: -2.5296856e-05 | Q2: -2.4638574e-05 | R2: -2.3444388e-05 | S2: -5.2859634e-07 | T2: -2.1110752e-06 | U2: -4.1802062e-05 | V2: -4.2268469e-05 | W2: -5.0666232e-05 | X2: -6.7680689e-05 | Y2: 1.9172472e-06 | Z2: 4.9133749e-06 | AA2: 1.4586779e-05 | AB2: 4.8348326e-05 | AC2: 4.1662813e-06 | AD2: 1.745287e-05 | AE2: 6.6743433e-06 | AF2: -9.2457803e-07 | AG2: 1.4919103e-05 | AH2: 1.3612597e-05 | AI2: 5.8301134e-05 | AJ2: 5.043496e-05 | AK2: 1.431685e-05 | AL2: 6.9577426e-07 | AM2: 2.3552595e-06 | AN2: -4.6263798e-06 | AO2: -1.5382764e-05 | AP2: 8.8093084e-05 | AQ2: -3.2565651e-05 | AR2: -6.9261251e-05
A3: demAge | B3: 0.00050998342 | C3: 1.3782282e-06 | D3: 5.9666243e-06 | E3: -5.70155e-08 | F3: 1.4283733e-05 | G3: 2.18526e-06 | H3: -5.0654466e-08 | I3: 3.1863563e-06 | J3: -4.9463364e-06 | K3: 7.8714309e-06 | L3: 4.5199294e-07 | M3: 3.1221001e-05 | N3: -4.8451324e-06 | O3: 8.385679e-06 | P3: 7.6794346e-07 | Q3: 2.0142446e-06 | R3: -2.3064224e-07 | S3: 1.5294151e-07 | T3: 8.1297444e-08 | U3: 9.1431235e-08 | V3: -4.1640706e-06 | W3: -1.14217e-05 | X3: -1.4565289e-05 | Y3: -4.0173527e-07 | Z3: 1.6528686e-06 | AA3: 1.1045635e-06 | AB3: 1.9078451e-06 | AC3: -1.5330894e-06 | AD3: 1.6505895e-06 | AE3: -1.7110537e-06 | AF3: -7.9883507e-08 | AG3: -7.884486e-07 | AH3: 2.2295222e-06 | AI3: 3.5810227e-07 | AJ3: -2.3689269e-06 | AK3: 1.3747388e-06 | AL3: -1.2111371e-07 | AM3: -1.451076e-06 | AN3: -4.1721003e-06 | AO3: 4.3760363e-06 | AP3: -1.2946571e-06 | AQ3: 2.9664197e-06 | AR3: -0.00014875876
A4: demAgeSq | B4: 3.0993893e-05 | C4: -5.2783985e-09 | D4: -5.70155e-08 | E4: 5.9600343e-10 | F4: -1.0744224e-07 | G4: -3.4322673e-08 | H4: 2.7106495e-08 | I4: 8.0513292e-09 | J4: 7.0411546e-08 | K4: -6.9200347e-08 | L4: 2.5994095e-08 | M4: -1.9242185e-07 | N4: 8.3548624e-08 | O4: -1.7869038e-07 | P4: -1.2708941e-08 | Q4: -6.2086123e-08 | R4: -2.2778854e-09 | S4: -3.0239205e-10 | T4: -1.4676986e-09 | U4: 1.8363534e-08 | V4: 7.5860138e-08 | W4: 1.2814808e-07 | X4: 1.4559625e-07 | Y4: -1.834844e-09 | Z4: -3.1040479e-08 | AA4: -5.1573875e-09 | AB4: -2.1319696e-08 | AC4: 2.052297e-08 | AD4: -1.1631963e-08 | AE4: 3.1711804e-08 | AF4: 3.7141903e-09 | AG4: 4.3192796e-09 | AH4: -2.6741717e-08 | AI4: -2.2986568e-09 | AJ4: 2.0044813e-08 | AK4: -1.1317478e-08 | AL4: -2.9702377e-11 | AM4: 1.2819615e-08 | AN4: 3.7193788e-08 | AO4: -3.1435678e-08 | AP4: -4.4613306e-09 | AQ4: -1.9718865e-08 | AR4: 1.2858923e-06
A5: demCompHhC82L1 | B5: -0.18117424 | C5: 4.3829754e-05 | D5: 1.4283733e-05 | E5: -1.0744224e-07 | F5: 0.023575674 | G5: 0.00089258199 | H5: 0.00085818405 | I5: 0.00097166672 | J5: 0.00094351454 | K5: 0.00092851519 | L5: 0.00095200092 | M5: -0.00024001513 | N5: -6.4290986e-05 | O5: -7.244838e-05 | P5: 0.00019733155 | Q5: 0.00017611941 | R5: 0.00034406786 | S5: -1.8289953e-06 | T5: 2.5130255e-06 | U5: -0.00013568253 | V5: -0.00011065871 | W5: -5.5988896e-05 | X5: 0.00028316272 | Y5: 3.8247656e-06 | Z5: 7.7175228e-05 | AA5: -2.0948567e-05 | AB5: 7.4816698e-05 | AC5: 7.9931595e-05 | AD5: 0.0001348005 | AE5: 0.00015314338 | AF5: 5.7110204e-05 | AG5: 8.7040917e-05 | AH5: 0.00010997163 | AI5: 8.9633307e-05 | AJ5: 2.0457253e-05 | AK5: 0.00012952534 | AL5: 2.4544948e-06 | AM5: 3.8627979e-05 | AN5: -5.2194278e-06 | AO5: 0.00010029162 | AP5: 0.00016719961 | AQ5: 0.00039851319 | AR5: -0.0016420705
A6: demCompHhC83L1 | B6: -0.033338916 | C6: -3.0047063e-05 | D6: 2.18526e-06 | E6: -3.4322673e-08 | F6: 0.00089258199 | G6: 0.001319808 | H6: 0.00075976311 | I6: 0.00087727132 | J6: 0.00087949588 | K6: 0.000934657 | L6: 0.00090252989 | M6: -4.2371897e-05 | N6: -4.9657353e-05 | O6: -4.8942204e-05 | P6: 2.5948394e-05 | Q6: 3.6032989e-05 | R6: 7.7544271e-05 | S6: -9.2089539e-07 | T6: -6.6348125e-07 | U6: -2.6616281e-05 | V6: 3.3974873e-05 | W6: 0.0001574799 | X6: 0.00037065697 | Y6: -7.8086965e-06 | Z6: -3.9563504e-05 | AA6: 2.1099303e-05 | AB6: 5.8517165e-05 | AC6: 6.1187453e-05 | AD6: 6.5405407e-05 | AE6: -2.4563142e-05 | AF6: 4.3059488e-05 | AG6: 6.2684186e-05 | AH6: 5.2049254e-05 | AI6: 7.8461982e-05 | AJ6: -1.1715213e-05 | AK6: 3.7137574e-05 | AL6: -2.5129145e-06 | AM6: 1.5017072e-05 | AN6: 1.8928164e-05 | AO6: 6.189564e-05 | AP6: 7.8146815e-05 | AQ6: -1.7705124e-05 | AR6: -0.00085379952
A7: demCompHhC84L1 | B7: 0.01241436 | C7: -1.9110215e-05 | D7: -5.0654466e-08 | E7: 2.7106495e-08 | F7: 0.00085818405 | G7: 0.00075976311 | H7: 0.0016770422 | I7: 0.00078821475 | J7: 0.00082766251 | K7: 0.00076439105 | L7: 0.00077525916 | M7: 9.4830054e-05 | N7: 4.0645166e-05 | O7: -4.8580811e-05 | P7: -4.6168277e-06 | Q7: 1.8229716e-05 | R7: 2.8842977e-05 | S7: 5.0390719e-07 | T7: -1.3200867e-06 | U7: -4.4419594e-05 | V7: -3.9700452e-05 | W7: -2.4618418e-06 | X7: 0.00021564468 | Y7: 1.1453378e-05 | Z7: -5.155308e-05 | AA7: -3.0852491e-05 | AB7: -7.1957526e-06 | AC7: 1.1450031e-05 | AD7: 1.4892552e-05 | AE7: 7.7127985e-06 | AF7: -2.2166076e-06 | AG7: 8.2950318e-06 | AH7: 1.7039703e-05 | AI7: 7.3917317e-05 | AJ7: -5.295693e-05 | AK7: 8.9075733e-06 | AL7: 5.3365882e-06 | AM7: -3.2755925e-06 | AN7: -2.3311382e-05 | AO7: -7.9006281e-05 | AP7: 0.00048721442 | AQ7: -2.1844162e-05 | AR7: -0.00089514178
A8: demCompHhC85L1 | B8: -0.22642727 | C8: -6.2288858e-05 | D8: 3.1863563e-06 | E8: 8.0513292e-09 | F8: 0.00097166672 | G8: 0.00087727132 | H8: 0.00078821475 | I8: 0.023989218 | J8: 0.00098388636 | K8: 0.00088289538 | L8: 0.00096970569 | M8: 0.00019825387 | N8: 0.00014575624 | O8: 3.0273762e-05 | P8: 0.00010510891 | Q8: 0.0001170114 | R8: 0.00019329162 | S8: 5.3943888e-07 | T8: 1.4953105e-06 | U8: -6.0305338e-05 | V8: 3.037524e-05 | W8: 0.00025648665 | X8: 0.00055756888 | Y8: 5.3347214e-06 | Z8: -2.106927e-05 | AA8: -3.8454813e-05 | AB8: -1.71636e-05 | AC8: 9.8732372e-05 | AD8: 0.00019982729 | AE8: -1.7878381e-05 | AF8: 3.4066533e-05 | AG8: 2.9277263e-05 | AH8: 7.0805308e-05 | AI8: 3.4602105e-05 | AJ8: -4.7534916e-05 | AK8: 5.601104e-05 | AL8: 6.0198201e-07 | AM8: -2.4857347e-05 | AN8: 1.6333941e-05 | AO8: -4.2336294e-05 | AP8: -0.00031563404 | AQ8: 9.3065147e-05 | AR8: -0.0013819365
A9: demCompHhC86L1 | B9: -0.16850602 | C9: -4.1743774e-05 | D9: -4.9463364e-06 | E9: 7.0411546e-08 | F9: 0.00094351454 | G9: 0.00087949588 | H9: 0.00082766251 | I9: 0.00098388636 | J9: 0.0019820991 | K9: 0.0008808367 | L9: 0.00096664489 | M9: 0.0001730632 | N9: 9.8447466e-05 | O9: 7.5955954e-05 | P9: 3.0591209e-05 | Q9: 3.1416036e-05 | R9: 9.9815568e-05 | S9: -6.331806e-07 | T9: -1.133205e-06 | U9: -2.5999557e-05 | V9: 6.3707856e-05 | W9: 0.00029381187 | X9: 0.00053990245 | Y9: 2.8737525e-06 | Z9: -2.9279214e-05 | AA9: 2.8316878e-05 | AB9: -2.4321334e-05 | AC9: 8.7419944e-05 | AD9: 8.5762331e-05 | AE9: 4.6440425e-05 | AF9: 7.8426302e-05 | AG9: 6.6898237e-05 | AH9: 9.3364766e-05 | AI9: 8.0771753e-05 | AJ9: 4.7496737e-06 | AK9: 4.4931156e-05 | AL9: -2.1481505e-06 | AM9: 4.9999388e-05 | AN9: 3.2302692e-05 | AO9: -0.00014020464 | AP9: 4.9981873e-05 | AQ9: -1.9265201e-05 | AR9: -0.00092442852
A10: demCompHhC87L1 | B10: -0.23309015 | C10: 5.7119741e-05 | D10: 7.8714309e-06 | E10: -6.9200347e-08 | F10: 0.00092851519 | G10: 0.000934657 | H10: 0.00076439105 | I10: 0.00088289538 | J10: 0.0008808367 | K10: 0.0010542289 | L10: 0.00096731272 | M10: -3.9133338e-05 | N10: -4.8176425e-05 | O10: -6.6779039e-05 | P10: 2.4550854e-05 | Q10: 4.2911079e-05 | R10: 5.4183267e-05 | S10: 7.1070514e-08 | T10: 6.5177634e-07 | U10: 4.0904891e-06 | V10: 4.7744001e-05 | W10: 0.00016013198 | X10: 0.00034642342 | Y10: -4.8224623e-07 | Z10: -3.4067901e-05 | AA10: 5.4067774e-05 | AB10: 7.6244205e-05 | AC10: 0.00010751582 | AD10: 9.6352853e-05 | AE10: 6.1545519e-05 | AF10: 7.5388672e-05 | AG10: 7.6855e-05 | AH10: 8.7393878e-05 | AI10: 0.00012436222 | AJ10: 2.3603332e-05 | AK10: 4.8177858e-05 | AL10: 1.4487327e-06 | AM10: -4.5809783e-06 | AN10: 3.1529328e-06 | AO10: 5.1034848e-05 | AP10: 2.6819046e-05 | AQ10: -3.3611663e-05 | AR10: -0.001325718
A11: demCompHhC88L1 | B11: -0.30553247 | C11: 0.00014079346 | D11: 4.5199294e-07 | E11: 2.5994095e-08 | F11: 0.00095200092 | G11: 0.00090252989 | H11: 0.00077525916 | I11: 0.00096970569 | J11: 0.00096664489 | K11: 0.00096731272 | L11: 0.0019971725 | M11: 0.00010595275 | N11: 9.4865933e-06 | O11: 8.9400995e-05 | P11: -1.3276604e-05 | Q11: 7.4329532e-06 | R11: 0.0001360718 | S11: 1.7873615e-09 | T11: -2.3101791e-07 | U11: -1.3307784e-05 | V11: 0.0001794114 | W11: 0.00031256188 | X11: 0.00053061407 | Y11: -1.5698585e-05 | Z11: 9.4514353e-06 | AA11: 2.8939937e-05 | AB11: 3.6558441e-05 | AC11: 5.2709697e-05 | AD11: 0.00011795259 | AE11: 1.3167178e-07 | AF11: 0.00010383664 | AG11: 5.4381361e-05 | AH11: 5.720855e-05 | AI11: 8.0325162e-05 | AJ11: -1.3812228e-05 | AK11: 1.2930379e-05 | AL11: 3.6238143e-06 | AM11: 2.688946e-05 | AN11: 1.6892956e-05 | AO11: -6.323511e-05 | AP11: -0.00012291969 | AQ11: -0.0001089372 | AR11: -0.0013669346
A12: labStatusC4StudentL1 | B12: 0.16220851 | C12: -2.1015395e-05 | D12: 3.1221001e-05 | E12: -1.9242185e-07 | F12: -0.00024001513 | G12: -4.2371897e-05 | H12: 9.4830054e-05 | I12: 0.00019825387 | J12: 0.0001730632 | K12: -3.9133338e-05 | L12: 0.00010595275 | M12: 0.0042349405 | N12: 0.0011525241 | O12: 0.00074301704 | P12: 5.2999144e-05 | Q12: 8.1600317e-05 | R12: -0.0027479996 | S12: 7.6559243e-07 | T12: -4.8698239e-07 | U12: 0.00073880584 | V12: 0.0012232715 | W12: 0.0012445408 | X12: 0.0012435845 | Y12: -7.7535589e-05 | Z12: -0.00011270405 | AA12: -4.5786825e-05 | AB12: -7.530934e-05 | AC12: -2.1817353e-05 | AD12: -2.2707778e-05 | AE12: -1.5651849e-05 | AF12: -5.1192622e-05 | AG12: -6.4028011e-05 | AH12: -5.1584735e-05 | AI12: -6.5751064e-05 | AJ12: -0.00012834369 | AK12: -8.5507286e-06 | AL12: -3.0699328e-06 | AM12: -1.0022661e-05 | AN12: 4.3089917e-05 | AO12: -0.00010603247 | AP12: -0.00017162079 | AQ12: 1.1566786e-05 | AR12: -0.0021289785
A13: labStatusC4NotEmployedL1 | B13: -0.023786832 | C13: -5.6043361e-05 | D13: -4.8451324e-06 | E13: 8.3548624e-08 | F13: -6.4290986e-05 | G13: -4.9657353e-05 | H13: 4.0645166e-05 | I13: 0.00014575624 | J13: 9.8447466e-05 | K13: -4.8176425e-05 | L13: 9.4865933e-06 | M13: 0.0011525241 | N13: 0.0015410156 | O13: 0.00084420989 | P13: 3.5294004e-05 | Q13: 3.6156786e-05 | R13: 7.1267338e-06 | S13: 3.1652204e-06 | T13: 2.52718e-06 | U13: 0.00068206399 | V13: 0.0011391809 | W13: 0.00121132 | X13: 0.0012343293 | Y13: -7.2422525e-05 | Z13: -1.5189057e-05 | AA13: -2.38139e-05 | AB13: -6.7511641e-05 | AC13: 2.4144082e-05 | AD13: -6.8561985e-06 | AE13: 5.082966e-05 | AF13: -3.0389947e-05 | AG13: 3.3971704e-06 | AH13: 1.3344986e-05 | AI13: -3.5526186e-05 | AJ13: -4.213129e-05 | AK13: -3.9329465e-05 | AL13: -2.8486467e-06 | AM13: -8.978277e-06 | AN13: 2.8764268e-05 | AO13: -5.4573578e-05 | AP13: -7.8984974e-05 | AQ13: 0.00011508895 | AR13: -0.001361845
... A43: Constant | B43: -2.6415002 | C43: -6.9261251e-05 | D43: -0.00014875876 | E43: 1.2858923e-06 | F43: -0.0016420705 | G43: -0.00085379952 | H43: -0.00089514178 | I43: -0.0013819365 | J43: -0.00092442852 | K43: -0.001325718 | L43: -0.0013669346 | M43: -0.0021289785 | N43: -0.001361845 | O43: -0.00093452285 | P43: -0.00041412722 | Q43: -0.00056085187 | R43: -0.00028553704 | S43: -3.6233586e-05 | T43: -3.558623e-05 | U43: -0.0010013013 | V43: -0.0011898008 | W43: -0.0013060491 | X43: -0.001546989 | Y43: 9.6391757e-05 | Z43: -6.2468857e-05 | AA43: -0.00097135407 | AB43: -0.0010810132 | AC43: -0.00095530971 | AD43: -0.00094956294 | AE43: -0.0011091363 | AF43: -0.00087158635 | AG43: -0.00090903363 | AH43: -0.0010129734 | AI43: -0.0009917793 | AJ43: -0.00072346021 | AK43: -0.00097377242 | AL43: -9.4484547e-05 | AM43: 0.00039423425 | AN43: 0.00040090223 | AO43: -0.0010999821 | AP43: -0.00049472178 | AQ43: -0.00039015444 | AR43: 0.012569363
